ID,X,Y,Elevation,Sfm 2015,LiDAR Pre,Sfm 2016,LiDAR Post,Distance (Segment),Distance (Total),Distance 3D (Segment),Distance 3D (Total),Slope (Degrees),Slope (Percent),Segment Index
1,478743.977,3284224.906,0.269,0.266,0.269,nan,nan,0,0,0,0,nan,nan,1
2,478743.91,3284224.887,0.27,0.265,0.27,nan,nan,0.0693,0.0693,0.0693,0.0693,0.4,0.60,1
3,478743.844,3284224.868,0.27,0.267,0.27,nan,nan,0.0693,0.1385,0.0693,0.1385,0.4,0.70,1
4,478743.777,3284224.849,0.271,0.268,0.271,nan,nan,0.0693,0.2078,0.0693,0.2078,0.4,0.70,1
5,478743.71,3284224.831,0.271,0.269,0.271,nan,nan,0.0693,0.2771,0.0693,0.2771,0.4,0.70,1
6,478743.644,3284224.812,0.272,0.269,0.272,nan,nan,0.0693,0.3463,0.0693,0.3463,0.4,0.70,1
7,478743.577,3284224.793,0.272,0.269,0.272,nan,nan,0.0693,0.4156,0.0693,0.4156,0.4,0.70,1
8,478743.511,3284224.774,0.273,0.269,0.273,nan,nan,0.0693,0.4849,0.0693,0.4849,0.4,0.70,1
9,478743.444,3284224.755,0.273,0.268,0.273,nan,nan,0.0693,0.554,0.0693,0.554,0.4,0.70,1
10,478743.377,3284224.736,-0.371,0.267,0.274,nan,-0.371,0.0693,0.623,0.648,1.202,83.9,929.80,1
11,478743.311,3284224.717,-0.371,0.265,0.274,nan,-0.371,0.0693,0.693,0.0693,1.271,0.1,0.20,1
12,478743.244,3284224.698,-0.371,0.263,0.275,nan,-0.371,0.0693,0.762,0.0693,1.34,0.1,0.30,1
13,478743.178,3284224.679,-0.371,0.261,0.275,nan,-0.371,0.0693,0.831,0.0693,1.41,0.2,0.30,1
14,478743.111,3284224.66,-0.372,0.258,0.276,nan,-0.372,0.0693,0.9,0.0693,1.479,0.2,0.30,1
15,478743.044,3284224.641,-0.372,0.255,0.276,nan,-0.372,0.0693,0.97,0.0693,1.548,0.2,0.30,1
16,478742.978,3284224.622,-0.372,0.251,0.277,nan,-0.372,0.0693,1.039,0.0693,1.618,0.2,0.30,1
17,478742.911,3284224.603,-0.372,0.248,0.277,nan,-0.372,0.0693,1.108,0.0693,1.687,0.1,0.10,1
18,478742.845,3284224.584,-0.372,0.25,0.278,nan,-0.372,0.0693,1.178,0.0693,1.756,0.1,0.20,1
19,478742.778,3284224.565,-0.372,0.251,0.278,nan,-0.372,0.0693,1.247,0.0693,1.825,0.1,0.20,1
20,478742.712,3284224.546,-0.372,0.251,0.278,nan,-0.372,0.0693,1.316,0.0693,1.895,0.1,0.10,1
21,478742.645,3284224.527,-0.372,0.252,0.279,nan,-0.372,0.0693,1.385,0.0693,1.964,0,0.10,1
22,478742.578,3284224.508,-0.372,0.252,0.279,nan,-0.372,0.0693,1.455,0.0693,2.033,0,0.00,1
23,478742.512,3284224.489,-0.372,0.251,0.28,nan,-0.372,0.0693,1.524,0.0693,2.102,0,0.00,1
24,478742.445,3284224.47,-0.372,0.251,0.28,nan,-0.372,0.0693,1.593,0.0693,2.172,0.1,0.10,1
25,478742.379,3284224.451,-0.372,0.25,0.281,nan,-0.372,0.0693,1.662,0.0693,2.241,0.1,0.10,1
26,478742.312,3284224.432,-0.372,0.248,0.281,nan,-0.372,0.0693,1.732,0.0693,2.31,0.1,0.20,1
27,478742.245,3284224.414,-0.372,0.247,0.282,nan,-0.372,0.0693,1.801,0.0693,2.379,0.1,0.30,1
28,478742.179,3284224.395,-0.372,0.245,0.282,nan,-0.372,0.0693,1.87,0.0693,2.449,0.2,0.30,1
29,478742.112,3284224.376,-0.373,0.243,0.283,nan,-0.373,0.0693,1.939,0.0693,2.518,0.2,0.40,1
30,478742.046,3284224.357,-0.373,0.24,0.283,nan,-0.373,0.0693,2.009,0.0693,2.587,0.2,0.40,1
31,478741.979,3284224.338,-0.373,0.237,0.284,nan,-0.373,0.0693,2.078,0.0693,2.656,0.3,0.50,1
32,478741.912,3284224.319,-0.373,0.235,0.284,nan,-0.373,0.0693,2.147,0.0693,2.726,0,0.10,1
33,478741.846,3284224.3,-0.373,0.243,0.285,nan,-0.373,0.0693,2.216,0.0693,2.795,0.5,0.80,1
34,478741.779,3284224.281,-0.372,0.251,0.285,nan,-0.372,0.0693,2.286,0.0693,2.864,0.5,0.90,1
35,478741.713,3284224.262,-0.371,0.261,0.286,nan,-0.371,0.0693,2.355,0.0693,2.934,0.5,1.00,1
36,478741.646,3284224.243,-0.371,0.271,0.287,nan,-0.371,0.0693,2.424,0.0693,3.003,0.6,1.00,1
37,478741.579,3284224.224,-0.37,0.283,0.287,nan,-0.37,0.0693,2.494,0.0693,3.072,0.6,1.10,1
38,478741.513,3284224.205,-0.369,0.295,0.288,nan,-0.369,0.0693,2.563,0.0693,3.141,0.7,1.20,1
39,478741.446,3284224.186,-0.368,0.309,0.289,nan,-0.368,0.0693,2.632,0.0693,3.211,0.7,1.20,1
40,478741.38,3284224.167,-0.367,0.323,0.29,nan,-0.367,0.0693,2.701,0.0693,3.28,0.8,1.30,1
41,478741.313,3284224.148,-0.366,0.339,0.291,nan,-0.366,0.0693,2.771,0.0693,3.349,0.8,1.40,1
42,478741.246,3284224.129,-0.365,0.355,0.293,nan,-0.365,0.0693,2.84,0.0693,3.418,0.8,1.50,1
43,478741.18,3284224.11,-0.364,0.37,0.294,nan,-0.364,0.0693,2.909,0.0693,3.488,0.9,1.50,1
44,478741.113,3284224.091,-0.363,0.382,0.295,nan,-0.363,0.0693,2.978,0.0693,3.557,0.9,1.60,1
45,478741.047,3284224.072,-0.362,0.393,0.297,nan,-0.362,0.0693,3.048,0.0693,3.626,1,1.70,1
46,478740.98,3284224.053,-0.361,0.403,0.298,nan,-0.361,0.0693,3.117,0.0693,3.696,1,1.80,1
47,478740.914,3284224.034,-0.359,0.411,0.3,nan,-0.359,0.0693,3.186,0.0693,3.765,1.7,3.00,1
48,478740.847,3284224.015,-0.355,0.402,0.301,nan,-0.355,0.0693,3.255,0.0694,3.834,3.3,5.70,1
49,478740.78,3284223.996,-0.351,0.393,0.303,nan,-0.351,0.0693,3.325,0.0694,3.904,3.4,5.90,1
50,478740.714,3284223.978,-0.346,0.384,0.305,nan,-0.346,0.0693,3.394,0.0694,3.973,3.6,6.30,1
51,478740.647,3284223.959,-0.342,0.376,0.307,nan,-0.342,0.0693,3.463,0.0694,4.042,3.6,6.20,1
52,478740.581,3284223.94,-0.338,0.368,0.308,nan,-0.338,0.0693,3.533,0.0694,4.112,3.5,6.20,1
53,478740.514,3284223.921,-0.333,0.361,0.309,nan,-0.333,0.0693,3.602,0.0694,4.181,3.5,6.10,1
54,478740.447,3284223.902,-0.329,0.353,0.31,nan,-0.329,0.0693,3.671,0.0694,4.251,3.5,6.10,1
55,478740.381,3284223.883,-0.325,0.346,0.311,nan,-0.325,0.0693,3.74,0.0694,4.32,3.5,6.00,1
56,478740.314,3284223.864,-0.321,0.34,0.312,nan,-0.321,0.0693,3.81,0.0694,4.389,3.4,6.00,1
57,478740.248,3284223.845,-0.317,0.333,0.313,nan,-0.317,0.0693,3.879,0.0694,4.459,3.4,6.00,1
58,478740.181,3284223.826,-0.313,0.327,0.314,nan,-0.313,0.0693,3.948,0.0694,4.528,3.4,5.90,1
59,478740.114,3284223.807,-0.309,0.321,0.316,nan,-0.309,0.0693,4.017,0.0694,4.598,3.4,5.90,1
60,478740.048,3284223.788,-0.305,0.315,0.317,nan,-0.305,0.0693,4.087,0.0694,4.667,3.3,5.80,1
61,478739.981,3284223.769,-0.301,0.31,0.318,nan,-0.301,0.0693,4.156,0.0694,4.736,3.3,5.80,1
62,478739.915,3284223.75,-0.297,0.305,0.318,nan,-0.297,0.0693,4.225,0.0694,4.806,3,5.30,1
63,478739.848,3284223.731,-0.294,0.302,0.318,nan,-0.294,0.0693,4.294,0.0693,4.875,2.3,4.00,1
64,478739.781,3284223.712,-0.291,0.3,0.318,nan,-0.291,0.0693,4.364,0.0693,4.944,2.2,3.90,1
65,478739.715,3284223.693,-0.289,0.298,0.319,nan,-0.289,0.0693,4.433,0.0693,5.014,2.1,3.70,1
66,478739.648,3284223.674,-0.286,0.297,0.319,nan,-0.286,0.0693,4.502,0.0693,5.083,2.1,3.60,1
67,478739.582,3284223.655,-0.284,0.296,0.319,nan,-0.284,0.0693,4.572,0.0693,5.152,2,3.50,1
68,478739.515,3284223.636,-0.282,0.296,0.32,nan,-0.282,0.0693,4.641,0.0693,5.222,1.9,3.30,1
69,478739.448,3284223.617,-0.279,0.296,0.32,nan,-0.279,0.0693,4.71,0.0693,5.291,1.8,3.20,1
70,478739.382,3284223.598,-0.277,0.297,0.321,nan,-0.277,0.0693,4.779,0.0693,5.36,1.7,3.00,1
71,478739.315,3284223.579,-0.275,0.298,0.321,nan,-0.275,0.0693,4.849,0.0693,5.429,1.7,2.90,1
72,478739.249,3284223.561,-0.273,0.3,0.322,nan,-0.273,0.0693,4.918,0.0693,5.499,1.6,2.70,1
73,478739.182,3284223.542,-0.272,0.302,0.322,nan,-0.272,0.0693,4.987,0.0693,5.568,1.5,2.60,1
74,478739.115,3284223.523,-0.27,0.305,0.323,nan,-0.27,0.0693,5.056,0.0693,5.637,1.4,2.50,1
75,478739.049,3284223.504,-0.268,0.309,0.324,nan,-0.268,0.0693,5.126,0.0693,5.707,1.3,2.30,1
76,478738.982,3284223.485,-0.267,0.313,0.325,nan,-0.267,0.0693,5.195,0.0693,5.776,1.2,2.20,1
77,478738.916,3284223.466,-0.266,0.317,0.327,nan,-0.266,0.0693,5.264,0.0693,5.845,0.8,1.40,1
78,478738.849,3284223.447,-0.266,0.32,0.329,nan,-0.266,0.0693,5.333,0.0693,5.914,0,0.00,1
79,478738.783,3284223.428,-0.266,0.323,0.331,nan,-0.266,0.0693,5.403,0.0693,5.984,0.2,0.30,1
80,478738.716,3284223.409,-0.265,0.327,0.333,nan,-0.265,0.0693,5.472,0.0693,6.053,0.4,0.60,1
81,478738.649,3284223.39,-0.265,0.33,0.335,nan,-0.265,0.0693,5.541,0.0693,6.122,0.5,0.90,1
82,478738.583,3284223.371,-0.264,0.334,0.337,nan,-0.264,0.0693,5.611,0.0693,6.191,0.7,1.20,1
83,478738.516,3284223.352,-0.263,0.337,0.339,nan,-0.263,0.0693,5.68,0.0693,6.261,0.9,1.60,1
84,478738.45,3284223.333,-0.261,0.341,0.341,nan,-0.261,0.0693,5.749,0.0693,6.33,1.1,1.90,1
85,478738.383,3284223.314,-0.26,0.345,0.342,nan,-0.26,0.0693,5.818,0.0693,6.399,1.3,2.20,1
86,478738.316,3284223.295,-0.258,0.349,0.344,nan,-0.258,0.0693,5.888,0.0693,6.469,1.4,2.50,1
87,478738.25,3284223.276,-0.256,0.354,0.346,nan,-0.256,0.0693,5.957,0.0693,6.538,1.6,2.80,1
88,478738.183,3284223.257,-0.254,0.358,0.348,nan,-0.254,0.0693,6.026,0.0693,6.607,1.8,3.10,1
89,478738.117,3284223.238,-0.252,0.363,0.349,nan,-0.252,0.0693,6.095,0.0693,6.677,2,3.50,1
90,478738.05,3284223.219,-0.249,0.368,0.351,nan,-0.249,0.0693,6.165,0.0693,6.746,2.2,3.80,1
91,478737.983,3284223.2,-0.246,0.373,0.352,nan,-0.246,0.0693,6.234,0.0693,6.815,2.3,4.10,1
92,478737.917,3284223.181,-0.243,0.378,0.354,nan,-0.243,0.0693,6.303,0.0693,6.884,2.3,4.00,1
93,478737.85,3284223.162,-0.242,0.395,0.356,nan,-0.242,0.0693,6.372,0.0693,6.954,1.6,2.70,1
94,478737.784,3284223.143,-0.24,0.412,0.358,nan,-0.24,0.0693,6.442,0.0693,7.023,1.4,2.50,1
95,478737.717,3284223.125,-0.238,0.429,0.359,nan,-0.238,0.0693,6.511,0.0693,7.092,1.3,2.30,1
96,478737.65,3284223.106,-0.237,0.445,0.361,nan,-0.237,0.0693,6.58,0.0693,7.162,1.2,2.10,1
97,478737.584,3284223.087,-0.235,0.46,0.363,nan,-0.235,0.0693,6.649,0.0693,7.231,1.1,1.90,1
98,478737.517,3284223.068,-0.234,0.475,0.365,nan,-0.234,0.0693,6.719,0.0693,7.3,1,1.70,1
99,478737.451,3284223.049,-0.233,0.49,0.367,nan,-0.233,0.0693,6.788,0.0693,7.369,0.9,1.50,1
100,478737.384,3284223.03,-0.232,0.505,0.368,nan,-0.232,0.0693,6.857,0.0693,7.439,0.7,1.30,1
101,478737.317,3284223.011,-0.232,0.519,0.37,nan,-0.232,0.0693,6.927,0.0693,7.508,0.6,1.10,1
102,478737.251,3284222.992,-0.231,0.533,0.372,nan,-0.231,0.0693,6.996,0.0693,7.577,0.8,1.50,1
103,478737.184,3284222.973,-0.229,0.547,0.374,nan,-0.229,0.0693,7.065,0.0693,7.647,1.3,2.20,1
104,478737.118,3284222.954,-0.227,0.56,0.376,nan,-0.227,0.0693,7.134,0.0693,7.716,1.4,2.40,1
105,478737.051,3284222.935,-0.226,0.573,0.378,nan,-0.226,0.0693,7.204,0.0693,7.785,1.5,2.60,1
106,478736.985,3284222.916,-0.224,0.586,0.38,nan,-0.224,0.0693,7.273,0.0693,7.854,1.6,2.80,1
107,478736.918,3284222.897,-0.22,0.598,0.384,nan,-0.22,0.0693,7.342,0.0693,7.924,2.8,4.90,1
108,478736.851,3284222.878,-0.213,0.594,0.388,nan,-0.213,0.0693,7.411,0.0697,7.993,6.1,10.70,1
109,478736.785,3284222.859,-0.206,0.591,0.393,nan,-0.206,0.0693,7.481,0.0696,8.063,5.9,10.40,1
110,478736.718,3284222.84,-0.199,0.589,0.396,nan,-0.199,0.0693,7.55,0.0696,8.133,5.7,10.00,1
111,478736.652,3284222.821,-0.192,0.587,0.4,nan,-0.192,0.0693,7.619,0.0696,8.202,5.6,9.70,1
112,478736.585,3284222.802,-0.185,0.586,0.404,nan,-0.185,0.0693,7.688,0.0696,8.272,5.4,9.40,1
113,478736.518,3284222.783,-0.179,0.585,0.408,nan,-0.179,0.0693,7.758,0.0695,8.341,5.2,9.10,1
114,478736.452,3284222.764,-0.173,0.585,0.411,nan,-0.173,0.0693,7.827,0.0695,8.411,5,8.70,1
115,478736.385,3284222.745,-0.167,0.586,0.414,nan,-0.167,0.0693,7.896,0.0695,8.48,4.8,8.40,1
116,478736.319,3284222.726,-0.162,0.587,0.418,nan,-0.162,0.0693,7.966,0.0695,8.55,4.6,8.10,1
117,478736.252,3284222.708,-0.156,0.589,0.421,nan,-0.156,0.0693,8.035,0.0695,8.619,4.4,7.80,1
118,478736.185,3284222.689,-0.151,0.591,0.424,nan,-0.151,0.0693,8.104,0.0695,8.689,4.2,7.40,1
119,478736.119,3284222.67,-0.146,0.594,0.427,nan,-0.146,0.0693,8.173,0.0694,8.758,4.1,7.10,1
120,478736.052,3284222.651,-0.142,0.597,0.43,nan,-0.142,0.0693,8.243,0.0694,8.828,3.9,6.80,1
121,478735.986,3284222.632,-0.137,0.601,0.433,nan,-0.137,0.0693,8.312,0.0694,8.897,3.7,6.40,1
122,478735.919,3284222.613,-0.134,0.606,0.435,nan,-0.134,0.0693,8.381,0.0693,8.966,2.5,4.40,1
123,478735.852,3284222.594,-0.135,0.598,0.438,nan,-0.135,0.0693,8.45,0.0693,9.036,0.6,1.10,1
124,478735.786,3284222.575,-0.135,0.589,0.441,nan,-0.135,0.0693,8.52,0.0693,9.105,0.4,0.80,1
125,478735.719,3284222.556,-0.136,0.581,0.444,nan,-0.136,0.0693,8.589,0.0693,9.174,0.2,0.40,1
126,478735.653,3284222.537,-0.136,0.572,0.447,nan,-0.136,0.0693,8.658,0.0693,9.244,0,0.00,1
127,478735.586,3284222.518,-0.135,0.563,0.45,nan,-0.135,0.0693,8.727,0.0693,9.313,0.2,0.30,1
128,478735.519,3284222.499,-0.135,0.553,0.453,nan,-0.135,0.0693,8.797,0.0693,9.382,0.4,0.70,1
129,478735.453,3284222.48,-0.134,0.544,0.456,nan,-0.134,0.0693,8.866,0.0693,9.451,0.6,1.10,1
130,478735.386,3284222.461,-0.133,0.534,0.459,nan,-0.133,0.0693,8.935,0.0693,9.521,0.8,1.40,1
131,478735.32,3284222.442,-0.132,0.523,0.463,nan,-0.132,0.0693,9.005,0.0693,9.59,1,1.80,1
132,478735.253,3284222.423,-0.131,0.513,0.466,nan,-0.131,0.0693,9.074,0.0693,9.659,1.2,2.20,1
133,478735.186,3284222.404,-0.129,0.502,0.47,nan,-0.129,0.0693,9.143,0.0693,9.728,1.4,2.50,1
134,478735.12,3284222.385,-0.127,0.491,0.474,nan,-0.127,0.0693,9.212,0.0693,9.798,1.6,2.90,1
135,478735.053,3284222.366,-0.125,0.479,0.478,nan,-0.125,0.0693,9.282,0.0693,9.867,1.9,3.20,1
136,478734.987,3284222.347,-0.122,0.468,0.481,nan,-0.122,0.0693,9.351,0.0693,9.936,2.1,3.60,1
137,478734.92,3284222.328,-0.119,0.456,0.485,nan,-0.119,0.0693,9.42,0.0693,10.006,2.3,4.00,1
138,478734.854,3284222.309,-0.116,0.456,0.488,nan,-0.116,0.0693,9.489,0.0693,10.075,2.3,4.00,1
139,478734.787,3284222.291,-0.114,0.456,0.491,nan,-0.114,0.0693,9.559,0.0693,10.144,2.2,3.80,1
140,478734.72,3284222.272,-0.111,0.457,0.494,nan,-0.111,0.0693,9.628,0.0693,10.214,2.1,3.60,1
141,478734.654,3284222.253,-0.109,0.457,0.496,nan,-0.109,0.0693,9.697,0.0693,10.283,2,3.40,1
142,478734.587,3284222.234,-0.107,0.457,0.499,nan,-0.107,0.0693,9.766,0.0693,10.352,1.9,3.30,1
143,478734.521,3284222.215,-0.105,0.458,0.502,nan,-0.105,0.0693,9.836,0.0693,10.422,1.8,3.10,1
144,478734.454,3284222.196,-0.103,0.458,0.504,nan,-0.103,0.0693,9.905,0.0693,10.491,1.6,2.90,1
145,478734.387,3284222.177,-0.101,0.459,0.507,nan,-0.101,0.0693,9.974,0.0693,10.56,1.5,2.70,1
146,478734.321,3284222.158,-0.099,0.459,0.509,nan,-0.099,0.0693,10.043,0.0693,10.629,1.4,2.50,1
147,478734.254,3284222.139,-0.097,0.459,0.512,nan,-0.097,0.0693,10.113,0.0693,10.699,1.3,2.30,1
148,478734.188,3284222.12,-0.096,0.46,0.514,nan,-0.096,0.0693,10.182,0.0693,10.768,1.2,2.10,1
149,478734.121,3284222.101,-0.095,0.463,0.516,nan,-0.095,0.0693,10.251,0.0693,10.837,1.1,1.90,1
150,478734.054,3284222.082,-0.094,0.465,0.518,nan,-0.094,0.0693,10.321,0.0693,10.906,1,1.70,1
151,478733.988,3284222.063,-0.092,0.468,0.521,nan,-0.092,0.0693,10.39,0.0693,10.976,0.9,1.50,1
152,478733.921,3284222.044,-0.091,0.47,0.523,nan,-0.091,0.0693,10.459,0.0693,11.045,1.4,2.40,1
153,478733.855,3284222.025,-0.086,0.477,0.526,nan,-0.086,0.0693,10.528,0.0694,11.114,3.9,6.80,1
154,478733.788,3284222.006,-0.081,0.484,0.529,nan,-0.081,0.0693,10.598,0.0694,11.184,3.9,6.80,1
155,478733.721,3284221.987,-0.077,0.491,0.533,nan,-0.077,0.0693,10.667,0.0694,11.253,3.4,6.00,1
156,478733.655,3284221.968,-0.073,0.498,0.536,nan,-0.073,0.0693,10.736,0.0694,11.323,3.2,5.60,1
157,478733.588,3284221.949,-0.07,0.504,0.539,nan,-0.07,0.0693,10.805,0.0694,11.392,3.2,5.50,1
158,478733.522,3284221.93,-0.066,0.51,0.543,nan,-0.066,0.0693,10.875,0.0694,11.461,3.1,5.40,1
159,478733.455,3284221.911,-0.062,0.517,0.546,nan,-0.062,0.0693,10.944,0.0694,11.531,3.1,5.40,1
160,478733.388,3284221.892,-0.058,0.522,0.55,nan,-0.058,0.0693,11.013,0.0694,11.6,3,5.30,1
161,478733.322,3284221.873,-0.055,0.528,0.553,nan,-0.055,0.0693,11.082,0.0694,11.669,3,5.20,1
162,478733.255,3284221.855,-0.051,0.534,0.557,nan,-0.051,0.0693,11.152,0.0694,11.739,2.9,5.20,1
163,478733.189,3284221.836,-0.048,0.539,0.56,nan,-0.048,0.0693,11.221,0.0694,11.808,2.9,5.10,1
164,478733.122,3284221.817,-0.044,0.544,0.564,nan,-0.044,0.0693,11.29,0.0694,11.878,2.9,5.00,1
165,478733.055,3284221.798,-0.041,0.549,0.567,nan,-0.041,0.0693,11.36,0.0693,11.947,2.8,4.90,1
166,478732.989,3284221.779,-0.037,0.553,0.571,nan,-0.037,0.0693,11.429,0.0693,12.016,2.8,4.90,1
167,478732.922,3284221.76,-0.034,0.558,0.574,nan,-0.034,0.0693,11.498,0.0693,12.086,2.7,4.70,1
168,478732.856,3284221.741,-0.031,0.558,0.576,nan,-0.031,0.0693,11.567,0.0693,12.155,2.5,4.30,1
169,478732.789,3284221.722,-0.028,0.559,0.578,nan,-0.028,0.0693,11.637,0.0693,12.224,2.6,4.50,1
170,478732.723,3284221.703,-0.025,0.559,0.581,nan,-0.025,0.0693,11.706,0.0693,12.294,2.6,4.60,1
171,478732.656,3284221.684,-0.022,0.559,0.583,nan,-0.022,0.0693,11.775,0.0693,12.363,2.7,4.70,1
172,478732.589,3284221.665,-0.018,0.559,0.586,nan,-0.018,0.0693,11.844,0.0693,12.432,2.8,4.90,1
173,478732.523,3284221.646,-0.015,0.56,0.588,nan,-0.015,0.0693,11.914,0.0694,12.502,2.9,5.00,1
174,478732.456,3284221.627,-0.011,0.56,0.591,nan,-0.011,0.0693,11.983,0.0694,12.571,3,5.20,1
175,478732.39,3284221.608,-0.007493573,0.56,0.593,nan,-0.007493573,0.0693,12.052,0.0694,12.64,3.1,5.30,1
176,478732.323,3284221.589,-0.003700418,0.561,0.596,nan,-0.003700418,0.0693,12.121,0.0694,12.71,3.1,5.50,1
177,478732.256,3284221.57,0.000193723,0.561,0.598,nan,0.000193723,0.0693,12.191,0.0694,12.779,3.2,5.60,1
178,478732.19,3284221.551,0.004188847,0.561,0.601,nan,0.004188847,0.0693,12.26,0.0694,12.848,3.3,5.80,1
179,478732.123,3284221.532,0.008284956,0.561,0.603,nan,0.008284956,0.0693,12.329,0.0694,12.918,3.4,5.90,1
180,478732.057,3284221.513,0.012,0.562,0.606,nan,0.012,0.0693,12.399,0.0694,12.987,3.5,6.10,1
181,478731.99,3284221.494,0.017,0.562,0.609,nan,0.017,0.0693,12.468,0.0694,13.057,3.6,6.20,1
182,478731.923,3284221.475,0.021,0.562,0.612,nan,0.021,0.0693,12.537,0.0694,13.126,3.3,5.80,1
183,478731.857,3284221.456,0.023,0.56,0.616,nan,0.023,0.0693,12.606,0.0693,13.195,1.9,3.30,1
184,478731.79,3284221.438,0.025,0.557,0.62,nan,0.025,0.0693,12.676,0.0693,13.265,1.9,3.30,1
185,478731.724,3284221.419,0.028,0.554,0.623,nan,0.028,0.0693,12.745,0.0693,13.334,1.8,3.20,1
186,478731.657,3284221.4,0.03,0.552,0.627,nan,0.03,0.0693,12.814,0.0693,13.403,1.8,3.10,1
187,478731.59,3284221.381,0.032,0.549,0.631,nan,0.032,0.0693,12.883,0.0693,13.473,1.7,3.00,1
188,478731.524,3284221.362,0.034,0.546,0.634,nan,0.034,0.0693,12.953,0.0693,13.542,1.7,3.00,1
189,478731.457,3284221.343,0.036,0.543,0.638,nan,0.036,0.0693,13.022,0.0693,13.611,1.7,2.90,1
190,478731.391,3284221.324,0.038,0.54,0.642,nan,0.038,0.0693,13.091,0.0693,13.68,1.6,2.80,1
191,478731.324,3284221.305,0.04,0.537,0.645,nan,0.04,0.0693,13.16,0.0693,13.75,1.6,2.80,1
192,478731.257,3284221.286,0.042,0.534,0.649,nan,0.042,0.0693,13.23,0.0693,13.819,1.5,2.70,1
193,478731.191,3284221.267,0.044,0.531,0.653,nan,0.044,0.0693,13.299,0.0693,13.888,1.5,2.60,1
194,478731.124,3284221.248,0.045,0.528,0.657,nan,0.045,0.0693,13.368,0.0693,13.958,1.5,2.50,1
195,478731.058,3284221.229,0.047,0.525,0.66,nan,0.047,0.0693,13.438,0.0693,14.027,1.4,2.50,1
196,478730.991,3284221.21,0.049,0.521,0.664,nan,0.049,0.0693,13.507,0.0693,14.096,1.4,2.40,1
197,478730.925,3284221.191,0.05,0.518,0.669,nan,0.05,0.0693,13.576,0.0693,14.165,1.4,2.50,1
198,478730.858,3284221.172,0.053,0.504,0.674,nan,0.053,0.0693,13.645,0.0693,14.235,1.8,3.20,1
199,478730.791,3284221.153,0.055,0.489,0.678,nan,0.055,0.0693,13.715,0.0693,14.304,1.8,3.10,1
200,478730.725,3284221.134,0.057,0.475,0.683,nan,0.057,0.0693,13.784,0.0693,14.373,1.8,3.10,1
201,478730.658,3284221.115,0.059,0.46,0.688,nan,0.059,0.0693,13.853,0.0693,14.443,1.7,3.00,1
202,478730.592,3284221.096,0.061,0.446,0.693,nan,0.061,0.0693,13.922,0.0693,14.512,1.7,2.90,1
203,478730.525,3284221.077,0.063,0.432,0.698,nan,0.063,0.0693,13.992,0.0693,14.581,1.6,2.80,1
204,478730.458,3284221.058,0.065,0.418,0.703,nan,0.065,0.0693,14.061,0.0693,14.651,1.6,2.80,1
205,478730.392,3284221.039,0.067,0.403,0.709,nan,0.067,0.0693,14.13,0.0693,14.72,1.5,2.70,1
206,478730.325,3284221.02,0.069,0.389,0.714,nan,0.069,0.0693,14.199,0.0693,14.789,1.5,2.60,1
207,478730.259,3284221.002,0.07,0.375,0.719,nan,0.07,0.0693,14.269,0.0693,14.858,1.5,2.60,1
208,478730.192,3284220.983,0.072,0.36,0.724,nan,0.072,0.0693,14.338,0.0693,14.928,1.8,3.20,1
209,478730.125,3284220.964,0.075,0.346,0.729,nan,0.075,0.0693,14.407,0.0693,14.997,1.9,3.30,1
210,478730.059,3284220.945,0.077,0.331,0.734,nan,0.077,0.0693,14.476,0.0693,15.066,2,3.40,1
211,478729.992,3284220.926,0.08,0.317,0.739,nan,0.08,0.0693,14.546,0.0693,15.136,2,3.50,1
212,478729.926,3284220.907,0.082,0.302,0.744,nan,0.082,0.0693,14.615,0.0693,15.205,2.1,3.70,1
213,478729.859,3284220.888,0.085,0.32,0.748,nan,0.085,0.0693,14.684,0.0693,15.274,2.5,4.30,1
214,478729.792,3284220.869,0.088,0.342,0.753,nan,0.088,0.0693,14.754,0.0693,15.344,2.4,4.20,1
215,478729.726,3284220.85,0.091,0.364,0.758,nan,0.091,0.0693,14.823,0.0693,15.413,2.4,4.20,1
216,478729.659,3284220.831,0.094,0.387,0.762,nan,0.094,0.0693,14.892,0.0693,15.482,2.4,4.20,1
217,478729.593,3284220.812,0.097,0.411,0.767,nan,0.097,0.0693,14.961,0.0693,15.552,2.4,4.10,1
218,478729.526,3284220.793,0.1,0.436,0.772,nan,0.1,0.0693,15.031,0.0693,15.621,2.3,4.10,1
219,478729.459,3284220.774,0.102,0.461,0.776,nan,0.102,0.0693,15.1,0.0693,15.69,2.3,4.10,1
220,478729.393,3284220.755,0.105,0.487,0.781,nan,0.105,0.0693,15.169,0.0693,15.76,2.3,4.00,1
221,478729.326,3284220.736,0.108,0.514,0.786,nan,0.108,0.0693,15.238,0.0693,15.829,2.3,4.00,1
222,478729.26,3284220.717,0.111,0.542,0.791,nan,0.111,0.0693,15.308,0.0693,15.898,2.3,4.00,1
223,478729.193,3284220.698,0.113,0.57,0.796,nan,0.113,0.0693,15.377,0.0693,15.967,2.2,3.90,1
224,478729.126,3284220.679,0.116,0.599,0.801,nan,0.116,0.0693,15.446,0.0693,16.037,2.2,3.90,1
225,478729.06,3284220.66,0.119,0.629,0.806,nan,0.119,0.0693,15.515,0.0693,16.106,2.2,3.80,1
226,478728.993,3284220.641,0.121,0.66,0.811,nan,0.121,0.0693,15.585,0.0693,16.175,2.2,3.80,1
227,478728.927,3284220.622,0.124,0.692,0.816,nan,0.124,0.0693,15.654,0.0693,16.245,2.4,4.20,1
228,478728.86,3284220.603,0.129,0.699,0.821,nan,0.129,0.0693,15.723,0.0695,16.314,4.2,7.40,1
229,478728.794,3284220.585,0.135,0.704,0.826,nan,0.135,0.0693,15.793,0.0694,16.384,4.1,7.20,1
230,478728.727,3284220.566,0.139,0.708,0.83,nan,0.139,0.0693,15.862,0.0694,16.453,4.1,7.10,1
231,478728.66,3284220.547,0.144,0.712,0.835,nan,0.144,0.0693,15.931,0.0694,16.523,4,7.00,1
232,478728.594,3284220.528,0.149,0.715,0.84,nan,0.149,0.0693,16,0.0694,16.592,3.9,6.80,1
233,478728.527,3284220.509,0.154,0.718,0.845,nan,0.154,0.0693,16.07,0.0694,16.661,3.8,6.70,1
234,478728.461,3284220.49,0.158,0.721,0.849,nan,0.158,0.0693,16.139,0.0694,16.731,3.7,6.50,1
235,478728.394,3284220.471,0.162,0.724,0.854,nan,0.162,0.0693,16.208,0.0694,16.8,3.6,6.40,1
236,478728.327,3284220.452,0.167,0.726,0.859,nan,0.167,0.0693,16.277,0.0694,16.87,3.6,6.20,1
237,478728.261,3284220.433,0.171,0.728,0.864,0.64,0.171,0.0693,16.347,0.0694,16.939,3.5,6.10,1
238,478728.194,3284220.414,0.175,0.73,0.868,0.64,0.175,0.0693,16.416,0.0694,17.008,3.4,5.90,1
239,478728.128,3284220.395,0.179,0.731,0.873,0.64,0.179,0.0693,16.485,0.0694,17.078,3.3,5.80,1
240,478728.061,3284220.376,0.183,0.732,0.878,0.64,0.183,0.0693,16.554,0.0694,17.147,3.2,5.60,1
241,478727.994,3284220.357,0.187,0.732,0.883,0.64,0.187,0.0693,16.624,0.0694,17.217,3.1,5.50,1
242,478727.928,3284220.338,0.19,0.732,0.887,0.64,0.19,0.0693,16.693,0.0694,17.286,3,5.20,1
243,478727.861,3284220.319,0.193,0.738,0.892,0.64,0.193,0.0693,16.762,0.0693,17.355,2.1,3.70,1
244,478727.795,3284220.3,0.196,0.745,0.896,0.639,0.196,0.0693,16.832,0.0693,17.425,2.2,3.90,1
245,478727.728,3284220.281,0.198,0.751,0.9,0.62,0.198,0.0693,16.901,0.0693,17.494,2.3,4.00,1
246,478727.661,3284220.262,0.201,0.758,0.904,0.602,0.201,0.0693,16.97,0.0693,17.563,2.4,4.20,1
247,478727.595,3284220.243,0.204,0.766,0.909,0.582,0.204,0.0693,17.039,0.0693,17.632,2.5,4.30,1
248,478727.528,3284220.224,0.207,0.773,0.913,0.563,0.207,0.0693,17.109,0.0693,17.702,2.6,4.50,1
249,478727.462,3284220.205,0.211,0.781,0.917,0.543,0.211,0.0693,17.178,0.0693,17.771,2.6,4.60,1
250,478727.395,3284220.186,0.214,0.788,0.921,0.522,0.214,0.0693,17.247,0.0693,17.84,2.7,4.70,1
251,478727.328,3284220.167,0.217,0.797,0.925,0.501,0.217,0.0693,17.316,0.0693,17.91,2.8,4.90,1
252,478727.262,3284220.149,0.221,0.805,0.929,0.481,0.221,0.0693,17.386,0.0694,17.979,2.9,5.00,1
253,478727.195,3284220.13,0.224,0.814,0.933,0.461,0.224,0.0693,17.455,0.0694,18.049,3,5.20,1
254,478727.129,3284220.111,0.228,0.82,0.937,0.441,0.228,0.0693,17.524,0.0694,18.118,3.1,5.30,1
255,478727.062,3284220.092,0.232,0.824,0.941,0.422,0.232,0.0693,17.593,0.0694,18.187,3.1,5.50,1
256,478726.996,3284220.073,0.236,0.828,0.945,0.403,0.236,0.0693,17.663,0.0694,18.257,3.2,5.60,1
257,478726.929,3284220.054,0.24,0.832,0.952,0.384,0.24,0.0693,17.732,0.0694,18.326,3.3,5.70,1
258,478726.862,3284220.035,0.243,0.822,0.959,0.365,0.243,0.0693,17.801,0.0694,18.395,2.9,5.10,1
259,478726.796,3284220.016,0.247,0.811,0.966,0.349,0.247,0.0693,17.87,0.0694,18.465,2.9,5.10,1
260,478726.729,3284219.997,0.25,0.799,0.973,0.356,0.25,0.0693,17.94,0.0694,18.534,3,5.20,1
261,478726.663,3284219.978,0.254,0.786,0.98,0.363,0.254,0.0693,18.009,0.0694,18.603,3.4,5.90,1
262,478726.596,3284219.959,0.259,0.774,0.988,0.37,0.259,0.0693,18.078,0.0694,18.673,3.5,6.00,1
263,478726.529,3284219.94,0.263,0.761,0.995,0.377,0.263,0.0693,18.148,0.0694,18.742,3.5,6.20,1
264,478726.463,3284219.921,0.267,0.748,1.001,0.383,0.267,0.0693,18.217,0.0694,18.812,3.6,6.40,1
265,478726.396,3284219.902,0.272,0.735,1.008,0.39,0.272,0.0693,18.286,0.0694,18.881,3.7,6.50,1
266,478726.33,3284219.883,0.276,0.721,1.015,0.396,0.276,0.0693,18.355,0.0694,18.951,3.8,6.70,1
267,478726.263,3284219.864,0.281,0.707,1.021,0.402,0.281,0.0693,18.425,0.0694,19.02,3.9,6.80,1
268,478726.196,3284219.845,0.286,0.693,1.027,0.409,0.286,0.0693,18.494,0.0694,19.089,4,7.00,1
269,478726.13,3284219.826,0.291,0.679,1.034,0.415,0.291,0.0693,18.563,0.0694,19.159,4.1,7.10,1
270,478726.063,3284219.807,0.296,0.664,1.04,0.42,0.296,0.0693,18.632,0.0694,19.228,4.2,7.30,1
271,478725.997,3284219.788,0.301,0.649,1.046,0.426,0.301,0.0693,18.702,0.0695,19.298,4.3,7.40,1
272,478725.93,3284219.769,0.306,0.634,1.051,0.432,0.306,0.0693,18.771,0.0695,19.367,4.4,7.70,1
273,478725.863,3284219.75,0.312,0.634,1.055,0.437,0.312,0.0693,18.84,0.0695,19.437,4.9,8.60,1
274,478725.797,3284219.732,0.318,0.636,1.06,0.443,0.318,0.0693,18.909,0.0695,19.506,4.9,8.50,1
275,478725.73,3284219.713,0.324,0.639,1.064,0.446,0.324,0.0693,18.979,0.0695,19.576,4.8,8.30,1
276,478725.664,3284219.694,0.33,0.641,1.069,0.448,0.33,0.0693,19.048,0.0695,19.645,4.7,8.20,1
277,478725.597,3284219.675,0.335,0.644,1.074,0.451,0.335,0.0693,19.117,0.0695,19.715,4.6,8.10,1
278,478725.53,3284219.656,0.341,0.646,1.079,0.454,0.341,0.0693,19.187,0.0695,19.784,4.5,7.90,1
279,478725.464,3284219.637,0.346,0.649,1.084,0.456,0.346,0.0693,19.256,0.0695,19.854,4.4,7.80,1
280,478725.397,3284219.618,0.352,0.651,1.089,0.459,0.352,0.0693,19.325,0.0695,19.923,4.4,7.60,1
281,478725.331,3284219.599,0.357,0.654,1.094,0.461,0.357,0.0693,19.394,0.0695,19.993,4.3,7.50,1
282,478725.264,3284219.58,0.362,0.656,1.099,0.463,0.362,0.0693,19.464,0.0695,20.062,4.2,7.30,1
283,478725.197,3284219.561,0.367,0.659,1.105,0.465,0.367,0.0693,19.533,0.0694,20.132,4.1,7.20,1
284,478725.131,3284219.542,0.372,0.661,1.11,0.467,0.372,0.0693,19.602,0.0694,20.201,4,7.00,1
285,478725.064,3284219.523,0.376,0.664,1.116,0.469,0.376,0.0693,19.671,0.0694,20.27,3.9,6.90,1
286,478724.998,3284219.504,0.381,0.666,1.122,0.471,0.381,0.0693,19.741,0.0694,20.34,3.9,6.70,1
287,478724.931,3284219.485,0.386,0.669,1.128,0.473,0.386,0.0693,19.81,0.0694,20.409,3.9,6.90,1
288,478724.865,3284219.466,0.394,0.694,1.134,0.474,0.394,0.0693,19.879,0.0698,20.479,7,12.40,1
289,478724.798,3284219.447,0.403,0.724,1.14,0.476,0.403,0.0693,19.948,0.0698,20.549,7,12.40,1
290,478724.731,3284219.428,0.412,0.754,1.146,0.479,0.412,0.0693,20.018,0.0698,20.619,7,12.40,1
291,478724.665,3284219.409,0.42,0.785,1.152,0.483,0.42,0.0693,20.087,0.0698,20.688,7,12.40,1
292,478724.598,3284219.39,0.429,0.816,1.158,0.487,0.429,0.0693,20.156,0.0698,20.758,7,12.40,1
293,478724.532,3284219.371,0.437,0.847,1.164,0.492,0.437,0.0693,20.226,0.0698,20.828,7,12.40,1
294,478724.465,3284219.352,0.446,0.879,1.17,0.497,0.446,0.0693,20.295,0.0698,20.898,7,12.40,1
295,478724.398,3284219.333,0.454,0.911,1.175,0.502,0.454,0.0693,20.364,0.0698,20.968,7,12.40,1
296,478724.332,3284219.315,0.463,0.943,1.181,0.507,0.463,0.0693,20.433,0.0698,21.037,7,12.40,1
297,478724.265,3284219.296,0.471,0.975,1.187,0.513,0.471,0.0693,20.503,0.0698,21.107,7,12.40,1
298,478724.199,3284219.277,0.48,1.008,1.192,0.519,0.48,0.0693,20.572,0.0698,21.177,7,12.40,1
299,478724.132,3284219.258,0.489,1.041,1.197,0.525,0.489,0.0693,20.641,0.0698,21.247,7,12.40,1
300,478724.065,3284219.239,0.497,1.074,1.203,0.531,0.497,0.0693,20.71,0.0698,21.317,7,12.40,1
301,478723.999,3284219.22,0.506,1.108,1.208,0.538,0.506,0.0693,20.78,0.0698,21.386,7,12.40,1
302,478723.932,3284219.201,0.514,1.141,1.212,0.545,0.514,0.0693,20.849,0.0698,21.456,6.9,12.20,1
303,478723.866,3284219.182,0.519,1.147,1.215,0.552,0.519,0.0693,20.918,0.0695,21.526,4.3,7.60,1
304,478723.799,3284219.163,0.525,1.145,1.218,0.559,0.525,0.0693,20.987,0.0695,21.595,4.3,7.60,1
305,478723.732,3284219.144,0.53,1.144,1.222,0.553,0.53,0.0693,21.057,0.0695,21.664,4.3,7.60,1
306,478723.666,3284219.125,0.535,1.142,1.225,0.547,0.535,0.0693,21.126,0.0695,21.734,4.3,7.60,1
307,478723.599,3284219.106,0.54,1.141,1.228,0.542,0.54,0.0693,21.195,0.0695,21.803,4.3,7.60,1
308,478723.533,3284219.087,0.546,1.14,1.231,0.537,0.546,0.0693,21.265,0.0695,21.873,4.3,7.60,1
309,478723.466,3284219.068,0.551,1.138,1.235,0.532,0.551,0.0693,21.334,0.0695,21.942,4.3,7.60,1
310,478723.399,3284219.049,0.556,1.137,1.238,0.527,0.556,0.0693,21.403,0.0695,22.012,4.3,7.60,1
311,478723.333,3284219.03,0.561,1.135,1.242,0.522,0.561,0.0693,21.472,0.0695,22.081,4.3,7.60,1
312,478723.266,3284219.011,0.566,1.133,1.245,0.518,0.566,0.0693,21.542,0.0695,22.151,4.3,7.60,1
313,478723.2,3284218.992,0.572,1.131,1.248,0.514,0.572,0.0693,21.611,0.0695,22.22,4.5,7.90,1
314,478723.133,3284218.973,0.578,1.129,1.252,0.51,0.578,0.0693,21.68,0.0695,22.29,4.9,8.60,1
315,478723.066,3284218.954,0.584,1.126,1.255,0.506,0.584,0.0693,21.749,0.0695,22.359,5.1,8.80,1
316,478723,3284218.935,0.59,1.123,1.26,0.502,0.59,0.0693,21.819,0.0696,22.429,5.2,9.10,1
317,478722.933,3284218.916,0.597,1.121,1.264,0.499,0.597,0.0693,21.888,0.0696,22.498,5.3,9.30,1
318,478722.867,3284218.897,0.602,1.121,1.269,0.495,0.602,0.0693,21.957,0.0695,22.568,4.3,7.50,1
319,478722.8,3284218.879,0.607,1.123,1.273,0.492,0.607,0.0693,22.026,0.0694,22.637,4.2,7.30,1
320,478722.734,3284218.86,0.612,1.125,1.277,0.495,0.612,0.0693,22.096,0.0694,22.707,4.1,7.10,1
321,478722.667,3284218.841,0.617,1.127,1.282,0.497,0.617,0.0693,22.165,0.0694,22.776,4,6.90,1
322,478722.6,3284218.822,0.621,1.129,1.286,0.499,0.621,0.0693,22.234,0.0694,22.846,3.9,6.70,1
323,478722.534,3284218.803,0.626,1.13,1.29,0.501,0.626,0.0693,22.303,0.0694,22.915,3.7,6.60,1
324,478722.467,3284218.784,0.63,1.132,1.294,0.503,0.63,0.0693,22.373,0.0694,22.984,3.6,6.40,1
325,478722.401,3284218.765,0.635,1.134,1.298,0.505,0.635,0.0693,22.442,0.0694,23.054,3.5,6.20,1
326,478722.334,3284218.746,0.639,1.135,1.301,0.507,0.639,0.0693,22.511,0.0694,23.123,3.4,6.00,1
327,478722.267,3284218.727,0.643,1.137,1.305,0.509,0.643,0.0693,22.581,0.0694,23.193,3.3,5.80,1
328,478722.201,3284218.708,0.647,1.139,1.309,0.511,0.647,0.0693,22.65,0.0694,23.262,3.2,5.60,1
329,478722.134,3284218.689,0.65,1.14,1.312,0.513,0.65,0.0693,22.719,0.0694,23.331,3.1,5.50,1
330,478722.068,3284218.67,0.654,1.142,1.315,0.515,0.654,0.0693,22.788,0.0694,23.401,3,5.30,1
331,478722.001,3284218.651,0.658,1.143,1.319,0.518,0.658,0.0693,22.858,0.0694,23.47,2.9,5.10,1
332,478721.934,3284218.632,0.661,1.145,1.323,0.52,0.661,0.0693,22.927,0.0693,23.539,2.8,4.90,1
333,478721.868,3284218.613,0.67,1.154,1.328,0.522,0.67,0.0693,22.996,0.0699,23.609,7.5,13.20,1
334,478721.801,3284218.594,0.679,1.164,1.333,0.524,0.679,0.0693,23.065,0.0699,23.679,7.4,13.10,1
335,478721.735,3284218.575,0.688,1.175,1.338,0.525,0.688,0.0693,23.135,0.0698,23.749,7.4,12.90,1
336,478721.668,3284218.556,0.697,1.185,1.343,0.527,0.697,0.0693,23.204,0.0698,23.819,7.3,12.80,1
337,478721.601,3284218.537,0.706,1.195,1.348,0.529,0.706,0.0693,23.273,0.0698,23.889,7.3,12.70,1
338,478721.535,3284218.518,0.715,1.205,1.353,0.53,0.715,0.0693,23.342,0.0698,23.958,7.2,12.60,1
339,478721.468,3284218.499,0.723,1.215,1.358,0.532,0.723,0.0693,23.412,0.0698,24.028,7.1,12.50,1
340,478721.402,3284218.48,0.732,1.224,1.363,0.535,0.732,0.0693,23.481,0.0698,24.098,7.1,12.40,1
341,478721.335,3284218.462,0.74,1.233,1.368,0.537,0.74,0.0693,23.55,0.0698,24.168,7,12.30,1
342,478721.268,3284218.443,0.749,1.243,1.373,0.539,0.749,0.0693,23.62,0.0698,24.238,6.9,12.20,1
343,478721.202,3284218.424,0.757,1.252,1.378,0.542,0.757,0.0693,23.689,0.0698,24.307,6.9,12.10,1
344,478721.135,3284218.405,0.765,1.26,1.383,0.544,0.765,0.0693,23.758,0.0698,24.377,6.8,12.00,1
345,478721.069,3284218.386,0.774,1.269,1.388,0.547,0.774,0.0693,23.827,0.0698,24.447,6.8,11.90,1
346,478721.002,3284218.367,0.782,1.278,1.394,0.55,0.782,0.0693,23.897,0.0697,24.517,6.7,11.70,1
347,478720.936,3284218.348,0.79,1.286,1.399,0.553,0.79,0.0693,23.966,0.0697,24.586,6.6,11.60,1
348,478720.869,3284218.329,0.796,1.297,1.405,0.556,0.796,0.0693,24.035,0.0695,24.656,5,8.70,1
349,478720.802,3284218.31,0.802,1.309,1.411,0.559,0.802,0.0693,24.104,0.0695,24.725,4.9,8.70,1
350,478720.736,3284218.291,0.808,1.322,1.417,0.557,0.808,0.0693,24.174,0.0695,24.795,4.9,8.70,1
351,478720.669,3284218.272,0.814,1.336,1.423,0.555,0.814,0.0693,24.243,0.0695,24.864,4.9,8.70,1
352,478720.603,3284218.253,0.82,1.349,1.43,0.553,0.82,0.0693,24.312,0.0695,24.934,4.9,8.70,1
353,478720.536,3284218.234,0.826,1.363,1.436,0.55,0.826,0.0693,24.381,0.0695,25.003,4.9,8.70,1
354,478720.469,3284218.215,0.832,1.378,1.443,0.548,0.832,0.0693,24.451,0.0695,25.073,4.9,8.70,1
355,478720.403,3284218.196,0.838,1.393,1.449,0.546,0.838,0.0693,24.52,0.0695,25.143,4.9,8.70,1
356,478720.336,3284218.177,0.844,1.409,1.456,0.543,0.844,0.0693,24.589,0.0695,25.212,4.9,8.70,1
357,478720.27,3284218.158,0.85,1.425,1.463,0.541,0.85,0.0693,24.659,0.0695,25.282,4.9,8.70,1
358,478720.203,3284218.139,0.856,1.441,1.47,0.538,0.856,0.0693,24.728,0.0695,25.351,4.9,8.70,1
359,478720.136,3284218.12,0.862,1.458,1.477,0.536,0.862,0.0693,24.797,0.0695,25.421,4.9,8.70,1
360,478720.07,3284218.101,0.868,1.475,1.484,0.533,0.868,0.0693,24.866,0.0695,25.49,4.9,8.70,1
361,478720.003,3284218.082,0.874,1.492,1.491,0.53,0.874,0.0693,24.936,0.0695,25.56,4.9,8.70,1
362,478719.937,3284218.063,0.88,1.51,1.497,0.527,0.88,0.0693,25.005,0.0695,25.629,4.9,8.70,1
363,478719.87,3284218.044,0.888,1.518,1.503,0.523,0.888,0.0693,25.074,0.0697,25.699,6.6,11.50,1
364,478719.803,3284218.026,0.896,1.522,1.509,0.52,0.896,0.0693,25.143,0.0697,25.769,6.6,11.60,1
365,478719.737,3284218.007,0.904,1.526,1.514,0.528,0.904,0.0693,25.213,0.0697,25.838,6.5,11.50,1
366,478719.67,3284217.988,0.912,1.53,1.52,0.536,0.912,0.0693,25.282,0.0698,25.908,7.2,12.60,1
367,478719.604,3284217.969,0.922,1.534,1.525,0.544,0.922,0.0693,25.351,0.0699,25.978,7.4,13.00,1
368,478719.537,3284217.95,0.93,1.538,1.531,0.551,0.93,0.0693,25.42,0.0698,26.048,7.3,12.90,1
369,478719.47,3284217.931,0.939,1.541,1.536,0.558,0.939,0.0693,25.49,0.0698,26.118,7.3,12.70,1
370,478719.404,3284217.912,0.948,1.545,1.541,0.565,0.948,0.0693,25.559,0.0698,26.188,7.2,12.60,1
371,478719.337,3284217.893,0.957,1.548,1.547,0.571,0.957,0.0693,25.628,0.0698,26.257,7.1,12.50,1
372,478719.271,3284217.874,0.965,1.552,1.552,0.578,0.965,0.0693,25.697,0.0698,26.327,7,12.30,1
373,478719.204,3284217.855,0.974,1.555,1.558,0.584,0.974,0.0693,25.767,0.0698,26.397,6.9,12.20,1
374,478719.137,3284217.836,0.982,1.558,1.563,0.589,0.982,0.0693,25.836,0.0698,26.467,6.9,12.00,1
375,478719.071,3284217.817,0.99,1.561,1.569,0.595,0.99,0.0693,25.905,0.0698,26.536,6.8,11.90,1
376,478719.004,3284217.798,0.998,1.564,1.574,0.6,0.998,0.0693,25.975,0.0697,26.606,6.7,11.70,1
377,478718.938,3284217.779,1.006,1.566,1.581,0.604,1.006,0.0693,26.044,0.0697,26.676,6.6,11.60,1
378,478718.871,3284217.76,1.018,1.579,1.59,0.609,1.018,0.0693,26.113,0.0702,26.746,9.2,16.20,1
379,478718.805,3284217.741,1.029,1.595,1.598,0.613,1.029,0.0693,26.182,0.0702,26.816,9.3,16.40,1
380,478718.738,3284217.722,1.04,1.611,1.607,0.621,1.04,0.0693,26.252,0.0702,26.886,9.2,16.30,1
381,478718.671,3284217.703,1.051,1.626,1.616,0.63,1.051,0.0693,26.321,0.0702,26.957,9.2,16.10,1
382,478718.605,3284217.684,1.062,1.642,1.624,0.64,1.062,0.0693,26.39,0.0702,27.027,9.1,16.00,1
383,478718.538,3284217.665,1.073,1.658,1.633,0.65,1.073,0.0693,26.459,0.0701,27.097,9.1,15.90,1
384,478718.472,3284217.646,1.084,1.673,1.642,0.661,1.084,0.0693,26.529,0.0701,27.167,9,15.80,1
385,478718.405,3284217.627,1.095,1.688,1.651,0.672,1.095,0.0693,26.598,0.0701,27.237,8.9,15.70,1
386,478718.338,3284217.609,1.106,1.704,1.66,0.684,1.106,0.0693,26.667,0.0701,27.307,8.9,15.60,1
387,478718.272,3284217.59,1.117,1.719,1.67,0.696,1.117,0.0693,26.736,0.0701,27.377,8.8,15.50,1
388,478718.205,3284217.571,1.127,1.734,1.679,0.709,1.127,0.0693,26.806,0.0701,27.447,8.7,15.40,1
389,478718.139,3284217.552,1.138,1.749,1.688,0.722,1.138,0.0693,26.875,0.0701,27.517,8.7,15.30,1
390,478718.072,3284217.533,1.149,1.764,1.698,0.735,1.149,0.0693,26.944,0.0701,27.587,8.6,15.20,1
391,478718.005,3284217.514,1.159,1.779,1.707,0.749,1.159,0.0693,27.014,0.07,27.658,8.6,15.10,1
392,478717.939,3284217.495,1.169,1.793,1.717,0.764,1.169,0.0693,27.083,0.07,27.728,8.5,14.90,1
393,478717.872,3284217.476,1.171,1.805,1.726,0.779,1.171,0.0693,27.152,0.0693,27.797,1.1,1.90,1
394,478717.806,3284217.457,1.171,1.816,1.735,0.794,1.171,0.0693,27.221,0.0693,27.866,0.6,1.10,1
395,478717.739,3284217.438,1.172,1.827,1.744,0.802,1.172,0.0693,27.291,0.0693,27.935,0.7,1.20,1
396,478717.672,3284217.419,1.173,1.839,1.754,0.81,1.173,0.0693,27.36,0.0693,28.005,0.7,1.20,1
397,478717.606,3284217.4,1.174,1.851,1.763,0.817,1.174,0.0693,27.429,0.0693,28.074,0.7,1.30,1
398,478717.539,3284217.381,1.175,1.864,1.772,0.824,1.175,0.0693,27.498,0.0693,28.143,0.8,1.40,1
399,478717.473,3284217.362,1.176,1.877,1.782,0.832,1.176,0.0693,27.568,0.0693,28.212,0.8,1.40,1
400,478717.406,3284217.343,1.177,1.891,1.791,0.839,1.177,0.0693,27.637,0.0693,28.282,0.9,1.50,1
401,478717.339,3284217.324,1.178,1.905,1.8,0.846,1.178,0.0693,27.706,0.0693,28.351,0.9,1.60,1
402,478717.273,3284217.305,1.179,1.92,1.81,0.853,1.179,0.0693,27.775,0.0693,28.42,1,1.70,1
403,478717.206,3284217.286,1.18,1.935,1.819,0.86,1.18,0.0693,27.845,0.0693,28.49,1,1.70,1
404,478717.14,3284217.267,1.182,1.951,1.828,0.867,1.182,0.0693,27.914,0.0693,28.559,1,1.80,1
405,478717.073,3284217.248,1.183,1.967,1.838,0.874,1.183,0.0693,27.983,0.0693,28.628,1.1,1.90,1
406,478717.007,3284217.229,1.184,1.983,1.847,0.881,1.184,0.0693,28.053,0.0693,28.697,1.1,2.00,1
407,478716.94,3284217.21,1.186,2,1.859,0.888,1.186,0.0693,28.122,0.0693,28.767,1.2,2.00,1
408,478716.873,3284217.192,1.19,2.008,1.873,0.895,1.19,0.0693,28.191,0.0694,28.836,3.8,6.70,1
409,478716.807,3284217.173,1.195,2.012,1.888,0.897,1.195,0.0693,28.26,0.0694,28.906,4,6.90,1
410,478716.74,3284217.154,1.2,2.015,1.902,0.895,1.2,0.0693,28.33,0.0694,28.975,3.9,6.80,1
411,478716.674,3284217.135,1.204,2.018,1.917,0.892,1.204,0.0693,28.399,0.0694,29.044,3.8,6.60,1
412,478716.607,3284217.116,1.209,2.02,1.932,0.89,1.209,0.0693,28.468,0.0694,29.114,3.7,6.50,1
413,478716.54,3284217.097,1.213,2.021,1.946,0.888,1.213,0.0693,28.537,0.0694,29.183,3.6,6.30,1
414,478716.474,3284217.078,1.218,2.021,1.961,0.886,1.218,0.0693,28.607,0.0694,29.253,3.5,6.20,1
415,478716.407,3284217.059,1.222,2.021,1.975,0.885,1.222,0.0693,28.676,0.0694,29.322,3.5,6.00,1
416,478716.341,3284217.04,1.226,2.022,1.99,0.884,1.226,0.0693,28.745,0.0694,29.391,3.4,5.90,1
417,478716.274,3284217.021,1.23,2.022,2.005,0.884,1.23,0.0693,28.814,0.0694,29.461,3.3,5.70,1
418,478716.207,3284217.002,1.234,2.022,2.02,0.883,1.234,0.0693,28.884,0.0694,29.53,3.2,5.60,1
419,478716.141,3284216.983,1.238,2.022,2.034,0.884,1.238,0.0693,28.953,0.0694,29.6,3.5,6.10,1
420,478716.074,3284216.964,1.242,2.021,2.049,0.884,1.242,0.0693,29.022,0.0694,29.669,3.6,6.30,1
421,478716.008,3284216.945,1.247,2.021,2.063,0.885,1.247,0.0693,29.091,0.0694,29.738,3.6,6.30,1
422,478715.941,3284216.926,1.251,2.02,2.073,0.886,1.251,0.0693,29.161,0.0694,29.808,3.7,6.40,1
423,478715.874,3284216.907,1.258,2.031,2.081,0.888,1.258,0.0693,29.23,0.0696,29.877,6,10.40,1
424,478715.808,3284216.888,1.266,2.047,2.089,0.89,1.266,0.0693,29.299,0.0697,29.947,6.1,10.80,1
425,478715.741,3284216.869,1.273,2.063,2.097,0.893,1.273,0.0693,29.369,0.0697,30.017,6.1,10.60,1
426,478715.675,3284216.85,1.28,2.079,2.106,0.896,1.28,0.0693,29.438,0.0696,30.086,6,10.50,1
427,478715.608,3284216.831,1.288,2.094,2.115,0.899,1.288,0.0693,29.507,0.0696,30.156,5.9,10.40,1
428,478715.541,3284216.812,1.295,2.109,2.124,0.902,1.295,0.0693,29.576,0.0696,30.226,5.9,10.30,1
429,478715.475,3284216.793,1.302,2.124,2.134,0.905,1.302,0.0693,29.646,0.0696,30.295,5.8,10.20,1
430,478715.408,3284216.774,1.309,2.139,2.144,0.908,1.309,0.0693,29.715,0.0696,30.365,5.8,10.10,1
431,478715.342,3284216.756,1.316,2.154,2.154,0.911,1.316,0.0693,29.784,0.0696,30.434,5.7,10.00,1
432,478715.275,3284216.737,1.323,2.168,2.164,0.914,1.323,0.0693,29.853,0.0696,30.504,5.6,9.90,1
433,478715.208,3284216.718,1.329,2.182,2.175,0.917,1.329,0.0693,29.923,0.0696,30.574,5.6,9.80,1
434,478715.142,3284216.699,1.336,2.196,2.186,0.92,1.336,0.0693,29.992,0.0696,30.643,5.5,9.70,1
435,478715.075,3284216.68,1.343,2.21,2.197,0.923,1.343,0.0693,30.061,0.0696,30.713,5.5,9.50,1
436,478715.009,3284216.661,1.349,2.223,2.208,0.925,1.349,0.0693,30.13,0.0696,30.782,5.4,9.40,1
437,478714.942,3284216.642,1.356,2.237,2.219,0.928,1.356,0.0693,30.2,0.0696,30.852,5.3,9.30,1
438,478714.876,3284216.623,1.362,2.245,2.229,0.931,1.362,0.0693,30.269,0.0695,30.921,4.9,8.60,1
439,478714.809,3284216.604,1.368,2.251,2.239,0.934,1.368,0.0693,30.338,0.0695,30.991,4.9,8.60,1
440,478714.742,3284216.585,1.374,2.257,2.249,0.94,1.374,0.0693,30.408,0.0695,31.061,5,8.70,1
441,478714.676,3284216.566,1.38,2.264,2.258,0.946,1.38,0.0693,30.477,0.0695,31.13,5,8.80,1
442,478714.609,3284216.547,1.386,2.271,2.268,0.952,1.386,0.0693,30.546,0.0695,31.2,5.1,8.90,1
443,478714.543,3284216.528,1.392,2.278,2.277,0.958,1.392,0.0693,30.615,0.0695,31.269,5.2,9.00,1
444,478714.476,3284216.509,1.399,2.285,2.285,0.964,1.399,0.0693,30.685,0.0696,31.339,5.2,9.20,1
445,478714.409,3284216.49,1.405,2.292,2.294,0.971,1.405,0.0693,30.754,0.0696,31.408,5.3,9.30,1
446,478714.343,3284216.471,1.411,2.3,2.302,0.977,1.411,0.0693,30.823,0.0696,31.478,5.4,9.40,1
447,478714.276,3284216.452,1.418,2.308,2.31,0.983,1.418,0.0693,30.892,0.0696,31.547,5.4,9.50,1
448,478714.21,3284216.433,1.425,2.316,2.318,0.988,1.425,0.0693,30.962,0.0696,31.617,5.5,9.60,1
449,478714.143,3284216.414,1.431,2.325,2.326,0.994,1.431,0.0693,31.031,0.0696,31.687,5.5,9.70,1
450,478714.076,3284216.395,1.438,2.334,2.333,1,1.438,0.0693,31.1,0.0696,31.756,5.6,9.80,1
451,478714.01,3284216.376,1.445,2.343,2.34,1.006,1.445,0.0693,31.169,0.0696,31.826,5.7,9.90,1
452,478713.943,3284216.357,1.452,2.352,2.348,1.012,1.452,0.0693,31.239,0.0696,31.895,5.7,10.00,1
453,478713.877,3284216.339,1.458,2.367,2.357,1.017,1.458,0.0693,31.308,0.0695,31.965,4.7,8.20,1
454,478713.81,3284216.32,1.463,2.384,2.366,1.023,1.463,0.0693,31.377,0.0695,32.034,4.5,7.90,1
455,478713.743,3284216.301,1.469,2.402,2.376,1.027,1.469,0.0693,31.447,0.0695,32.104,4.6,8.00,1
456,478713.677,3284216.282,1.474,2.421,2.385,1.031,1.474,0.0693,31.516,0.0695,32.173,4.6,8.00,1
457,478713.61,3284216.263,1.48,2.439,2.394,1.035,1.48,0.0693,31.585,0.0695,32.243,4.6,8.10,1
458,478713.544,3284216.244,1.485,2.459,2.404,1.039,1.485,0.0693,31.654,0.0695,32.312,4.6,8.10,1
459,478713.477,3284216.225,1.491,2.478,2.414,1.043,1.491,0.0693,31.724,0.0695,32.382,4.6,8.10,1
460,478713.41,3284216.206,1.497,2.499,2.423,1.047,1.497,0.0693,31.793,0.0695,32.451,4.7,8.20,1
461,478713.344,3284216.187,1.502,2.519,2.433,1.052,1.502,0.0693,31.862,0.0695,32.521,4.7,8.20,1
462,478713.277,3284216.168,1.508,2.54,2.443,1.055,1.508,0.0693,31.931,0.0695,32.59,4.7,8.20,1
463,478713.211,3284216.149,1.514,2.562,2.452,1.058,1.514,0.0693,32.001,0.0695,32.66,4.7,8.30,1
464,478713.144,3284216.13,1.52,2.583,2.462,1.061,1.52,0.0693,32.07,0.0695,32.729,4.8,8.30,1
465,478713.077,3284216.111,1.525,2.605,2.472,1.063,1.525,0.0693,32.139,0.0695,32.799,4.8,8.30,1
466,478713.011,3284216.092,1.531,2.625,2.482,1.066,1.531,0.0693,32.208,0.0695,32.868,4.8,8.40,1
467,478712.944,3284216.073,1.537,2.645,2.501,1.068,1.537,0.0693,32.278,0.0695,32.938,4.8,8.40,1
468,478712.878,3284216.054,1.541,2.662,2.534,1.07,1.541,0.0693,32.347,0.0694,33.007,3.6,6.30,1
469,478712.811,3284216.035,1.545,2.678,2.567,1.072,1.545,0.0693,32.416,0.0694,33.077,3.3,5.70,1
470,478712.745,3284216.016,1.549,2.694,2.602,1.074,1.549,0.0693,32.486,0.0694,33.146,3.2,5.50,1
471,478712.678,3284215.997,1.553,2.71,2.637,1.076,1.553,0.0693,32.555,0.0694,33.215,2.9,5.10,1
472,478712.611,3284215.978,1.556,2.727,2.674,1.079,1.556,0.0693,32.624,0.0693,33.285,2.5,4.40,1
473,478712.545,3284215.959,1.559,2.744,2.712,1.081,1.559,0.0693,32.693,0.0693,33.354,2.6,4.60,1
474,478712.478,3284215.94,1.562,2.761,2.744,1.083,1.562,0.0693,32.763,0.0693,33.423,2.8,4.90,1
475,478712.412,3284215.921,1.566,2.779,2.775,1.086,1.566,0.0693,32.832,0.0694,33.493,2.9,5.10,1
476,478712.345,3284215.903,1.57,2.797,2.805,1.089,1.57,0.0693,32.901,0.0694,33.562,3.1,5.40,1
477,478712.278,3284215.884,1.574,2.815,2.835,1.092,1.574,0.0693,32.97,0.0694,33.632,3.2,5.60,1
478,478712.212,3284215.865,1.578,2.834,2.863,1.095,1.578,0.0693,33.04,0.0694,33.701,3.4,5.90,1
479,478712.145,3284215.846,1.582,2.853,2.891,1.098,1.582,0.0693,33.109,0.0694,33.77,3.5,6.10,1
480,478712.079,3284215.827,1.586,2.873,2.918,1.102,1.586,0.0693,33.178,0.0694,33.84,3.7,6.40,1
481,478712.012,3284215.808,1.591,2.893,2.944,1.105,1.591,0.0693,33.247,0.0694,33.909,3.8,6.60,1
482,478711.945,3284215.789,1.596,2.913,2.962,1.109,1.596,0.0693,33.317,0.0694,33.979,3.9,6.90,1
483,478711.879,3284215.77,1.599,2.936,2.969,1.113,1.599,0.0693,33.386,0.0693,34.048,2.6,4.60,1
484,478711.812,3284215.751,1.601,2.959,2.977,1.117,1.601,0.0693,33.455,0.0693,34.117,2.2,3.80,1
485,478711.746,3284215.732,1.604,2.982,2.986,1.121,1.604,0.0693,33.524,0.0693,34.187,2.1,3.60,1
486,478711.679,3284215.713,1.606,3.005,2.996,1.126,1.606,0.0693,33.594,0.0693,34.256,1.9,3.30,1
487,478711.612,3284215.694,1.608,3.027,3.008,1.13,1.608,0.0693,33.663,0.0693,34.325,1.8,3.10,1
488,478711.546,3284215.675,1.61,3.049,3.02,1.135,1.61,0.0693,33.732,0.0693,34.394,1.6,2.80,1
489,478711.479,3284215.656,1.612,3.071,3.033,1.139,1.612,0.0693,33.802,0.0693,34.464,1.5,2.60,1
490,478711.413,3284215.637,1.614,3.093,3.048,1.144,1.614,0.0693,33.871,0.0693,34.533,1.3,2.30,1
491,478711.346,3284215.618,1.615,3.114,3.063,1.149,1.615,0.0693,33.94,0.0693,34.602,1.2,2.10,1
492,478711.279,3284215.599,1.616,3.135,3.08,1.154,1.616,0.0693,34.009,0.0693,34.672,1,1.80,1
493,478711.213,3284215.58,1.617,3.155,3.097,1.159,1.617,0.0693,34.079,0.0693,34.741,0.9,1.50,1
494,478711.146,3284215.561,1.618,3.175,3.116,1.164,1.618,0.0693,34.148,0.0693,34.81,0.7,1.30,1
495,478711.08,3284215.542,1.619,3.195,3.136,1.169,1.619,0.0693,34.217,0.0693,34.879,0.6,1.00,1
496,478711.013,3284215.523,1.62,3.214,3.156,1.175,1.62,0.0693,34.286,0.0693,34.949,0.4,0.80,1
497,478710.947,3284215.504,1.62,3.234,3.185,1.18,1.62,0.0693,34.356,0.0693,35.018,0.3,0.50,1
498,478710.88,3284215.486,1.622,3.25,3.224,1.186,1.622,0.0693,34.425,0.0693,35.087,1.3,2.30,1
499,478710.813,3284215.467,1.624,3.266,3.264,1.192,1.624,0.0693,34.494,0.0693,35.156,1.6,2.80,1
500,478710.747,3284215.448,1.626,3.281,3.304,1.194,1.626,0.0693,34.563,0.0693,35.226,1.7,2.90,1
501,478710.68,3284215.429,1.628,3.296,3.345,1.197,1.628,0.0693,34.633,0.0693,35.295,1.7,3.00,1
502,478710.614,3284215.41,1.63,3.311,3.386,1.199,1.63,0.0693,34.702,0.0693,35.364,1.8,3.10,1
503,478710.547,3284215.391,1.632,3.326,3.428,1.201,1.632,0.0693,34.771,0.0693,35.434,1.8,3.10,1
504,478710.48,3284215.372,1.634,3.341,3.47,1.203,1.634,0.0693,34.841,0.0693,35.503,1.8,3.20,1
505,478710.414,3284215.353,1.636,3.355,3.512,1.206,1.636,0.0693,34.91,0.0693,35.572,1.9,3.30,1
506,478710.347,3284215.334,1.639,3.37,3.555,1.208,1.639,0.0693,34.979,0.0693,35.642,1.9,3.40,1
507,478710.281,3284215.315,1.641,3.384,3.598,1.211,1.641,0.0693,35.048,0.0693,35.711,2,3.40,1
508,478710.214,3284215.296,1.644,3.399,3.642,1.213,1.644,0.0693,35.118,0.0693,35.78,2,3.50,1
509,478710.147,3284215.277,1.646,3.413,3.686,1.216,1.646,0.0693,35.187,0.0693,35.849,2,3.60,1
510,478710.081,3284215.258,1.649,3.427,3.731,1.218,1.649,0.0693,35.256,0.0693,35.919,2.1,3.60,1
511,478710.014,3284215.239,1.651,3.441,3.776,1.221,1.651,0.0693,35.325,0.0693,35.988,2.1,3.70,1
512,478709.948,3284215.22,1.654,3.454,3.806,1.224,1.654,0.0693,35.395,0.0693,36.057,2.2,3.80,1
513,478709.881,3284215.201,1.657,3.46,3.809,1.227,1.657,0.0693,35.464,0.0694,36.127,3,5.30,1
514,478709.814,3284215.182,1.661,3.459,3.811,1.23,1.661,0.0693,35.533,0.0694,36.196,3.3,5.70,1
515,478709.748,3284215.163,1.665,3.457,3.812,1.228,1.665,0.0693,35.602,0.0694,36.266,3.3,5.80,1
516,478709.681,3284215.144,1.67,3.455,3.812,1.224,1.67,0.0693,35.672,0.0694,36.335,3.4,5.90,1
517,478709.615,3284215.125,1.674,3.451,3.812,1.221,1.674,0.0693,35.741,0.0694,36.404,3.5,6.00,1
518,478709.548,3284215.106,1.678,3.45,3.81,1.218,1.678,0.0693,35.81,0.0694,36.474,3.5,6.10,1
519,478709.481,3284215.087,1.682,3.448,3.808,1.214,1.682,0.0693,35.88,0.0694,36.543,3.6,6.20,1
520,478709.415,3284215.068,1.687,3.447,3.804,1.211,1.687,0.0693,35.949,0.0694,36.613,3.6,6.40,1
521,478709.348,3284215.05,1.691,3.446,3.8,1.208,1.691,0.0693,36.018,0.0694,36.682,3.7,6.50,1
522,478709.282,3284215.031,1.696,3.445,3.795,1.205,1.696,0.0693,36.087,0.0694,36.751,3.8,6.60,1
523,478709.215,3284215.012,1.7,3.444,3.789,1.201,1.7,0.0693,36.157,0.0694,36.821,3.8,6.70,1
524,478709.148,3284214.993,1.705,3.443,3.782,1.198,1.705,0.0693,36.226,0.0694,36.89,3.7,6.40,1
525,478709.082,3284214.974,1.709,3.442,3.774,1.195,1.709,0.0693,36.295,0.0694,36.96,3.2,5.70,1
526,478709.015,3284214.955,1.712,3.441,3.765,1.192,1.712,0.0693,36.364,0.0694,37.029,3.1,5.30,1
527,478708.949,3284214.936,1.716,3.44,3.755,1.189,1.716,0.0693,36.434,0.0694,37.098,2.9,5.00,1
528,478708.882,3284214.917,1.718,3.438,3.741,1.186,1.718,0.0693,36.503,0.0693,37.168,1.5,2.60,1
529,478708.816,3284214.898,1.719,3.435,3.727,1.183,1.719,0.0693,36.572,0.0693,37.237,1.3,2.20,1
530,478708.749,3284214.879,1.721,3.432,3.713,1.185,1.721,0.0693,36.641,0.0693,37.306,1.4,2.40,1
531,478708.682,3284214.86,1.723,3.429,3.698,1.19,1.723,0.0693,36.711,0.0693,37.375,1.5,2.60,1
532,478708.616,3284214.841,1.725,3.426,3.683,1.195,1.725,0.0693,36.78,0.0693,37.445,1.6,2.80,1
533,478708.549,3284214.822,1.727,3.423,3.667,1.201,1.727,0.0693,36.849,0.0693,37.514,1.8,3.10,1
534,478708.483,3284214.803,1.729,3.42,3.651,1.206,1.729,0.0693,36.918,0.0693,37.583,1.9,3.30,1
535,478708.416,3284214.784,1.731,3.417,3.635,1.212,1.731,0.0693,36.988,0.0693,37.653,2,3.50,1
536,478708.349,3284214.765,1.734,3.413,3.618,1.218,1.734,0.0693,37.057,0.0693,37.722,2.1,3.70,1
537,478708.283,3284214.746,1.737,3.41,3.601,1.224,1.737,0.0693,37.126,0.0693,37.791,2.3,3.90,1
538,478708.216,3284214.727,1.74,3.406,3.583,1.23,1.74,0.0693,37.196,0.0693,37.861,2.4,4.20,1
539,478708.15,3284214.708,1.743,3.403,3.565,1.237,1.743,0.0693,37.265,0.0693,37.93,2.5,4.40,1
540,478708.083,3284214.689,1.746,3.399,3.547,1.244,1.746,0.0693,37.334,0.0693,37.999,2.6,4.60,1
541,478708.016,3284214.67,1.749,3.395,3.528,1.251,1.749,0.0693,37.403,0.0693,38.069,2.8,4.80,1
542,478707.95,3284214.651,1.753,3.391,3.511,1.258,1.753,0.0693,37.473,0.0694,38.138,2.9,5.00,1
543,478707.883,3284214.633,1.757,3.381,3.498,1.266,1.757,0.0693,37.542,0.0694,38.207,3.7,6.50,1
544,478707.817,3284214.614,1.762,3.366,3.485,1.274,1.762,0.0693,37.611,0.0694,38.277,3.9,6.80,1
545,478707.75,3284214.595,1.767,3.351,3.474,1.283,1.767,0.0693,37.68,0.0694,38.346,3.8,6.70,1
546,478707.683,3284214.576,1.771,3.336,3.463,1.293,1.771,0.0693,37.75,0.0694,38.416,3.8,6.60,1
547,478707.617,3284214.557,1.776,3.321,3.453,1.302,1.776,0.0693,37.819,0.0694,38.485,3.7,6.50,1
548,478707.55,3284214.538,1.78,3.306,3.443,1.312,1.78,0.0693,37.888,0.0694,38.554,3.6,6.40,1
549,478707.484,3284214.519,1.784,3.292,3.435,1.321,1.784,0.0693,37.957,0.0694,38.624,3.6,6.30,1
550,478707.417,3284214.5,1.789,3.277,3.427,1.33,1.789,0.0693,38.027,0.0694,38.693,3.5,6.20,1
551,478707.35,3284214.481,1.793,3.263,3.419,1.339,1.793,0.0693,38.096,0.0694,38.763,3.5,6.00,1
552,478707.284,3284214.462,1.797,3.249,3.413,1.348,1.797,0.0693,38.165,0.0694,38.832,3.4,5.90,1
553,478707.217,3284214.443,1.801,3.235,3.407,1.357,1.801,0.0693,38.235,0.0694,38.901,3.3,5.80,1
554,478707.151,3284214.424,1.805,3.221,3.402,1.366,1.805,0.0693,38.304,0.0694,38.971,3.3,5.70,1
555,478707.084,3284214.405,1.809,3.207,3.398,1.374,1.809,0.0693,38.373,0.0694,39.04,3.2,5.60,1
556,478707.018,3284214.386,1.813,3.193,3.394,1.383,1.813,0.0693,38.442,0.0694,39.11,3.1,5.50,1
557,478706.951,3284214.367,1.816,3.18,3.38,1.391,1.816,0.0693,38.512,0.0694,39.179,3.1,5.40,1
558,478706.884,3284214.348,1.818,3.162,3.342,1.399,1.818,0.0693,38.581,0.0693,39.248,1,1.80,1
559,478706.818,3284214.329,1.818,3.142,3.303,1.407,1.818,0.0693,38.65,0.0693,39.317,0.5,0.80,1
560,478706.751,3284214.31,1.819,3.121,3.264,1.416,1.819,0.0693,38.719,0.0693,39.387,0.6,1.00,1
561,478706.685,3284214.291,1.82,3.1,3.224,1.424,1.82,0.0693,38.789,0.0693,39.456,0.7,1.20,1
562,478706.618,3284214.272,1.821,3.079,3.184,1.432,1.821,0.0693,38.858,0.0693,39.525,0.8,1.40,1
563,478706.551,3284214.253,1.822,3.057,3.143,1.441,1.822,0.0693,38.927,0.0693,39.595,0.9,1.60,1
564,478706.485,3284214.234,1.823,3.035,3.101,1.449,1.823,0.0693,38.996,0.0693,39.664,1,1.70,1
565,478706.418,3284214.216,1.824,3.013,3.059,1.457,1.824,0.0693,39.066,0.0693,39.733,1.1,1.90,1
566,478706.352,3284214.197,1.826,2.99,3.016,1.464,1.826,0.0693,39.135,0.0693,39.802,1.2,2.10,1
567,478706.285,3284214.178,1.827,2.968,2.973,1.471,1.827,0.0693,39.204,0.0693,39.872,1.3,2.30,1
568,478706.218,3284214.159,1.829,2.945,2.929,1.478,1.829,0.0693,39.274,0.0693,39.941,1.4,2.50,1
569,478706.152,3284214.14,1.831,2.921,2.884,1.484,1.831,0.0693,39.343,0.0693,40.01,1.5,2.60,1
570,478706.085,3284214.121,1.833,2.898,2.839,1.491,1.833,0.0693,39.412,0.0693,40.08,1.6,2.80,1
571,478706.019,3284214.102,1.835,2.874,2.794,1.498,1.835,0.0693,39.481,0.0693,40.149,1.7,3.00,1
572,478705.952,3284214.083,1.837,2.85,2.76,1.504,1.837,0.0693,39.551,0.0693,40.218,1.8,3.20,1
573,478705.885,3284214.064,1.841,2.832,2.753,1.511,1.841,0.0693,39.62,0.0694,40.287,2.9,5.10,1
574,478705.819,3284214.045,1.845,2.82,2.746,1.518,1.845,0.0693,39.689,0.0694,40.357,3.3,5.70,1
575,478705.752,3284214.026,1.848,2.808,2.74,1.523,1.848,0.0693,39.758,0.0694,40.426,3.2,5.60,1
576,478705.686,3284214.007,1.852,2.796,2.733,1.527,1.852,0.0693,39.828,0.0694,40.496,3.2,5.50,1
577,478705.619,3284213.988,1.855,2.784,2.727,1.53,1.855,0.0693,39.897,0.0693,40.565,2.7,4.60,1
578,478705.552,3284213.969,1.858,2.771,2.721,1.534,1.858,0.0693,39.966,0.0693,40.634,2.4,4.10,1
579,478705.486,3284213.95,1.861,2.759,2.715,1.538,1.861,0.0693,40.035,0.0693,40.704,2.4,4.10,1
580,478705.419,3284213.931,1.864,2.747,2.709,1.542,1.864,0.0693,40.105,0.0693,40.773,2.3,4.10,1
581,478705.353,3284213.912,1.867,2.735,2.702,1.546,1.867,0.0693,40.174,0.0693,40.842,2.3,4.00,1
582,478705.286,3284213.893,1.87,2.723,2.695,1.549,1.87,0.0693,40.243,0.0693,40.912,2.3,4.00,1
583,478705.219,3284213.874,1.872,2.711,2.688,1.553,1.872,0.0693,40.313,0.0693,40.981,2.3,4.00,1
584,478705.153,3284213.855,1.875,2.699,2.681,1.557,1.875,0.0693,40.382,0.0693,41.05,2.2,3.90,1
585,478705.086,3284213.836,1.878,2.687,2.673,1.56,1.878,0.0693,40.451,0.0693,41.119,2.2,3.90,1
586,478705.02,3284213.817,1.88,2.675,2.664,1.564,1.88,0.0693,40.52,0.0693,41.189,2.2,3.90,1
587,478704.953,3284213.798,1.883,2.663,2.655,1.567,1.883,0.0693,40.59,0.0693,41.258,2.2,3.80,1
588,478704.887,3284213.78,1.885,2.653,2.644,1.571,1.885,0.0693,40.659,0.0693,41.327,1.9,3.40,1
589,478704.82,3284213.761,1.888,2.647,2.633,1.575,1.888,0.0693,40.728,0.0693,41.397,1.9,3.30,1
590,478704.753,3284213.742,1.89,2.64,2.622,1.58,1.89,0.0693,40.797,0.0693,41.466,1.9,3.30,1
591,478704.687,3284213.723,1.892,2.633,2.612,1.585,1.892,0.0693,40.867,0.0693,41.535,1.9,3.30,1
592,478704.62,3284213.704,1.895,2.625,2.602,1.591,1.895,0.0693,40.936,0.0693,41.605,1.9,3.40,1
593,478704.554,3284213.685,1.897,2.618,2.593,1.597,1.897,0.0693,41.005,0.0693,41.674,2,3.40,1
594,478704.487,3284213.666,1.899,2.61,2.583,1.603,1.899,0.0693,41.074,0.0693,41.743,2,3.50,1
595,478704.42,3284213.647,1.902,2.602,2.574,1.609,1.902,0.0693,41.144,0.0693,41.813,2,3.50,1
596,478704.354,3284213.628,1.904,2.594,2.565,1.615,1.904,0.0693,41.213,0.0693,41.882,2,3.50,1
597,478704.287,3284213.609,1.907,2.586,2.557,1.621,1.907,0.0693,41.282,0.0693,41.951,2,3.60,1
598,478704.221,3284213.59,1.909,2.577,2.549,1.627,1.909,0.0693,41.351,0.0693,42.02,2.1,3.60,1
599,478704.154,3284213.571,1.912,2.568,2.541,1.633,1.912,0.0693,41.421,0.0693,42.09,2.1,3.60,1
600,478704.087,3284213.552,1.914,2.559,2.533,1.64,1.914,0.0693,41.49,0.0693,42.159,2.1,3.70,1
601,478704.021,3284213.533,1.917,2.55,2.526,1.646,1.917,0.0693,41.559,0.0693,42.228,2.1,3.70,1
602,478703.954,3284213.514,1.919,2.541,2.522,1.652,1.919,0.0693,41.629,0.0693,42.298,2.1,3.70,1
603,478703.888,3284213.495,1.924,2.53,2.523,1.659,1.924,0.0693,41.698,0.0694,42.367,3.5,6.20,1
604,478703.821,3284213.476,1.929,2.519,2.524,1.665,1.929,0.0693,41.767,0.0695,42.437,4.3,7.40,1
605,478703.754,3284213.457,1.934,2.507,2.525,1.677,1.934,0.0693,41.836,0.0695,42.506,4.4,7.70,1
606,478703.688,3284213.438,1.94,2.495,2.527,1.691,1.94,0.0693,41.906,0.0695,42.576,4.6,8.00,1
607,478703.621,3284213.419,1.945,2.483,2.528,1.705,1.945,0.0693,41.975,0.0695,42.645,4.7,8.30,1
608,478703.555,3284213.4,1.951,2.47,2.53,1.719,1.951,0.0693,42.044,0.0695,42.715,4.9,8.60,1
609,478703.488,3284213.381,1.958,2.458,2.531,1.733,1.958,0.0693,42.113,0.0695,42.784,5.1,8.90,1
610,478703.421,3284213.363,1.964,2.445,2.532,1.747,1.964,0.0693,42.183,0.0696,42.854,5.2,9.20,1
611,478703.355,3284213.344,1.971,2.433,2.534,1.761,1.971,0.0693,42.252,0.0696,42.923,5.4,9.50,1
612,478703.288,3284213.325,1.977,2.42,2.535,1.775,1.977,0.0693,42.321,0.0696,42.993,5.6,9.80,1
613,478703.222,3284213.306,1.984,2.407,2.537,1.79,1.984,0.0693,42.39,0.0696,43.062,5.7,10.10,1
614,478703.155,3284213.287,1.991,2.394,2.538,1.804,1.991,0.0693,42.46,0.0696,43.132,5.9,10.30,1
615,478703.088,3284213.268,1.999,2.381,2.54,1.818,1.999,0.0693,42.529,0.0697,43.202,6.1,10.60,1
616,478703.022,3284213.249,2.006,2.368,2.542,1.832,2.006,0.0693,42.598,0.0697,43.271,6.2,10.90,1
617,478702.955,3284213.23,2.014,2.354,2.542,1.847,2.014,0.0693,42.668,0.0697,43.341,6.4,11.20,1
618,478702.889,3284213.211,2.021,2.34,2.538,1.861,2.021,0.0693,42.737,0.0696,43.411,5.3,9.40,1
619,478702.822,3284213.192,2.026,2.326,2.535,1.875,2.026,0.0693,42.806,0.0695,43.48,4.7,8.30,1
620,478702.756,3284213.173,2.032,2.311,2.531,1.888,2.032,0.0693,42.875,0.0695,43.55,4.6,8.10,1
621,478702.689,3284213.154,2.037,2.297,2.527,1.9,2.037,0.0693,42.945,0.0695,43.619,4.5,7.90,1
622,478702.622,3284213.135,2.043,2.282,2.523,1.912,2.043,0.0693,43.014,0.0695,43.689,4.4,7.70,1
623,478702.556,3284213.116,2.048,2.269,2.519,1.924,2.048,0.0693,43.083,0.0695,43.758,4.3,7.50,1
624,478702.489,3284213.097,2.053,2.26,2.515,1.936,2.053,0.0693,43.152,0.0695,43.828,4.2,7.40,1
625,478702.423,3284213.078,2.058,2.25,2.511,1.947,2.058,0.0693,43.222,0.0694,43.897,4.1,7.20,1
626,478702.356,3284213.059,2.063,2.241,2.507,1.959,2.063,0.0693,43.291,0.0694,43.966,4,7.00,1
627,478702.289,3284213.04,2.068,2.232,2.502,1.97,2.068,0.0693,43.36,0.0694,44.036,3.9,6.80,1
628,478702.223,3284213.021,2.072,2.223,2.498,1.982,2.072,0.0693,43.429,0.0694,44.105,3.8,6.60,1
629,478702.156,3284213.002,2.077,2.213,2.494,1.993,2.077,0.0693,43.499,0.0694,44.175,3.7,6.40,1
630,478702.09,3284212.983,2.081,2.203,2.489,2.004,2.081,0.0693,43.568,0.0694,44.244,3.5,6.20,1
631,478702.023,3284212.964,2.085,2.194,2.485,2.015,2.085,0.0693,43.637,0.0694,44.313,3.6,6.30,1
632,478701.956,3284212.945,2.09,2.184,2.479,2.026,2.09,0.0693,43.707,0.0694,44.383,3.7,6.40,1
633,478701.89,3284212.927,2.095,2.177,2.47,2.037,2.095,0.0693,43.776,0.0695,44.452,4.6,8.10,1
634,478701.823,3284212.908,2.102,2.175,2.462,2.048,2.102,0.0693,43.845,0.0695,44.522,5.2,9.00,1
635,478701.757,3284212.889,2.108,2.173,2.453,2.054,2.108,0.0693,43.914,0.0696,44.591,5.3,9.20,1
636,478701.69,3284212.87,2.114,2.171,2.445,2.057,2.114,0.0693,43.984,0.0696,44.661,5.4,9.40,1
637,478701.623,3284212.851,2.121,2.168,2.437,2.061,2.121,0.0693,44.053,0.0696,44.731,5.5,9.50,1
638,478701.557,3284212.832,2.128,2.166,2.428,2.065,2.128,0.0693,44.122,0.0696,44.8,5.5,9.70,1
639,478701.49,3284212.813,2.135,2.164,2.42,2.068,2.135,0.0693,44.191,0.0696,44.87,5.6,9.90,1
640,478701.424,3284212.794,2.142,2.161,2.412,2.072,2.142,0.0693,44.261,0.0696,44.939,5.7,10.10,1
641,478701.357,3284212.775,2.149,2.159,2.404,2.076,2.149,0.0693,44.33,0.0696,45.009,5.8,10.20,1
642,478701.29,3284212.756,2.156,2.156,2.396,2.08,2.156,0.0693,44.399,0.0696,45.079,5.9,10.40,1
643,478701.224,3284212.737,2.163,2.154,2.388,2.084,2.163,0.0693,44.468,0.0697,45.148,6,10.60,1
644,478701.157,3284212.718,2.171,2.151,2.38,2.087,2.171,0.0693,44.538,0.0697,45.218,6.1,10.70,1
645,478701.091,3284212.699,2.178,2.149,2.372,2.091,2.178,0.0693,44.607,0.0697,45.288,6.2,10.90,1
646,478701.024,3284212.68,2.186,2.146,2.364,2.095,2.186,0.0693,44.676,0.0697,45.357,6.3,11.10,1
647,478700.958,3284212.661,2.194,2.144,2.356,2.099,2.194,0.0693,44.745,0.0697,45.427,6.4,11.20,1
648,478700.891,3284212.642,2.198,2.139,2.35,2.103,2.198,0.0693,44.815,0.0694,45.497,3.9,6.90,1
649,478700.824,3284212.623,2.202,2.132,2.343,2.107,2.202,0.0693,44.884,0.0693,45.566,2.6,4.60,1
650,478700.758,3284212.604,2.205,2.124,2.337,2.106,2.205,0.0693,44.953,0.0693,45.635,2.7,4.70,1
651,478700.691,3284212.585,2.208,2.117,2.33,2.103,2.208,0.0693,45.023,0.0693,45.705,2.7,4.70,1
652,478700.625,3284212.566,2.212,2.109,2.324,2.099,2.212,0.0693,45.092,0.0693,45.774,2.8,4.80,1
653,478700.558,3284212.547,2.215,2.101,2.317,2.095,2.215,0.0693,45.161,0.0693,45.843,2.8,4.90,1
654,478700.491,3284212.528,2.218,2.093,2.311,2.09,2.218,0.0693,45.23,0.0693,45.913,2.8,4.90,1
655,478700.425,3284212.51,2.222,2.084,2.305,2.086,2.222,0.0693,45.3,0.0694,45.982,2.9,5.00,1
656,478700.358,3284212.491,2.225,2.076,2.298,2.081,2.225,0.0693,45.369,0.0694,46.051,2.9,5.10,1
657,478700.292,3284212.472,2.229,2.067,2.292,2.076,2.229,0.0693,45.438,0.0694,46.121,2.9,5.10,1
658,478700.225,3284212.453,2.232,2.058,2.285,2.07,2.232,0.0693,45.507,0.0694,46.19,3,5.20,1
659,478700.158,3284212.434,2.236,2.049,2.279,2.064,2.236,0.0693,45.577,0.0694,46.259,3,5.30,1
660,478700.092,3284212.415,2.24,2.04,2.273,2.058,2.24,0.0693,45.646,0.0694,46.329,3.1,5.30,1
661,478700.025,3284212.396,2.244,2.03,2.266,2.052,2.244,0.0693,45.715,0.0694,46.398,3.1,5.40,1
662,478699.959,3284212.377,2.247,2.021,2.259,2.045,2.247,0.0693,45.784,0.0694,46.467,3.1,5.50,1
663,478699.892,3284212.358,2.244,2.013,2.247,2.038,2.244,0.0693,45.854,0.0694,46.537,3.2,5.50,1
664,478699.825,3284212.339,2.235,2.007,2.236,2.031,2.235,0.0693,45.923,0.0698,46.607,6.9,12.00,1
665,478699.759,3284212.32,2.227,2.001,2.225,2.025,2.227,0.0693,45.992,0.0698,46.676,7,12.40,1
666,478699.692,3284212.301,2.218,1.995,2.213,2.018,2.218,0.0693,46.062,0.0698,46.746,7.2,12.70,1
667,478699.626,3284212.282,2.209,1.989,2.202,2.012,2.209,0.0693,46.131,0.0699,46.816,7.4,13.10,1
668,478699.559,3284212.263,2.2,1.983,2.191,2.006,2.2,0.0693,46.2,0.0699,46.886,7.6,13.40,1
669,478699.492,3284212.244,2.19,1.976,2.18,2.001,2.19,0.0693,46.269,0.0699,46.956,7.8,13.70,1
670,478699.426,3284212.225,2.18,1.97,2.169,1.995,2.18,0.0693,46.339,0.0699,47.026,8,14.10,1
671,478699.359,3284212.206,2.17,1.964,2.159,1.99,2.17,0.0693,46.408,0.07,47.096,8.2,14.40,1
672,478699.293,3284212.187,2.16,1.957,2.148,1.984,2.16,0.0693,46.477,0.07,47.166,8.4,14.80,1
673,478699.226,3284212.168,2.15,1.951,2.137,1.98,2.15,0.0693,46.546,0.0701,47.236,8.6,15.10,1
674,478699.159,3284212.149,2.139,1.944,2.127,1.976,2.139,0.0693,46.616,0.0701,47.306,8.8,15.50,1
675,478699.093,3284212.13,2.128,1.937,2.116,1.971,2.128,0.0693,46.685,0.0701,47.376,9,15.80,1
676,478699.026,3284212.111,2.117,1.929,2.106,1.967,2.117,0.0693,46.754,0.0702,47.446,9.2,16.20,1
677,478698.96,3284212.092,2.105,1.92,2.097,1.963,2.105,0.0693,46.823,0.0702,47.516,9.4,16.50,1
678,478698.893,3284212.074,2.099,1.907,2.096,1.959,2.099,0.0693,46.893,0.0696,47.586,5.4,9.40,1
679,478698.827,3284212.055,2.095,1.889,2.095,1.954,2.095,0.0693,46.962,0.0693,47.655,2.8,4.90,1
680,478698.76,3284212.036,2.092,1.871,2.094,1.952,2.092,0.0693,47.031,0.0693,47.725,2.8,4.90,1
681,478698.693,3284212.017,2.089,1.853,2.094,1.951,2.089,0.0693,47.101,0.0693,47.794,2.8,4.80,1
682,478698.627,3284211.998,2.085,1.836,2.093,1.95,2.085,0.0693,47.17,0.0694,47.863,2.9,5.00,1
683,478698.56,3284211.979,2.081,1.818,2.093,1.949,2.081,0.0693,47.239,0.0694,47.933,3.7,6.40,1
684,478698.494,3284211.96,2.076,1.801,2.092,1.948,2.076,0.0693,47.308,0.0694,48.002,3.6,6.20,1
685,478698.427,3284211.941,2.072,1.783,2.09,1.947,2.072,0.0693,47.378,0.0694,48.072,3.5,6.00,1
686,478698.36,3284211.922,2.068,1.766,2.086,1.946,2.068,0.0693,47.447,0.0694,48.141,3.3,5.80,1
687,478698.294,3284211.903,2.064,1.749,2.083,1.945,2.064,0.0693,47.516,0.0694,48.21,3.2,5.60,1
688,478698.227,3284211.884,2.06,1.732,2.078,1.944,2.06,0.0693,47.585,0.0694,48.28,3.1,5.40,1
689,478698.161,3284211.865,2.057,1.715,2.074,1.944,2.057,0.0693,47.655,0.0694,48.349,3,5.20,1
690,478698.094,3284211.846,2.053,1.698,2.069,1.943,2.053,0.0693,47.724,0.0694,48.418,2.8,5.00,1
691,478698.027,3284211.827,2.05,1.681,2.064,1.943,2.05,0.0693,47.793,0.0693,48.488,2.7,4.80,1
692,478697.961,3284211.808,2.047,1.665,2.056,1.942,2.047,0.0693,47.862,0.0693,48.557,2.6,4.60,1
693,478697.894,3284211.789,2.044,1.65,2.04,1.942,2.044,0.0693,47.932,0.0693,48.626,2.1,3.60,1
694,478697.828,3284211.77,2.042,1.64,2.023,1.942,2.042,0.0693,48.001,0.0693,48.696,1.7,3.00,1
695,478697.761,3284211.751,2.04,1.63,2.007,1.941,2.04,0.0693,48.07,0.0693,48.765,1.6,2.90,1
696,478697.694,3284211.732,2.039,1.619,1.99,1.94,2.039,0.0693,48.14,0.0693,48.834,1.5,2.70,1
697,478697.628,3284211.713,2.037,1.609,1.974,1.939,2.037,0.0693,48.209,0.0693,48.904,1.5,2.60,1
698,478697.561,3284211.694,2.035,1.599,1.957,1.938,2.035,0.0693,48.278,0.0693,48.973,1.4,2.40,1
699,478697.495,3284211.675,2.034,1.588,1.941,1.936,2.034,0.0693,48.347,0.0693,49.042,1.3,2.20,1
700,478697.428,3284211.657,2.032,1.578,1.925,1.935,2.032,0.0693,48.417,0.0693,49.111,1.2,2.10,1
701,478697.361,3284211.638,2.031,1.567,1.908,1.934,2.031,0.0693,48.486,0.0693,49.181,1.1,1.90,1
702,478697.295,3284211.619,2.03,1.557,1.892,1.932,2.03,0.0693,48.555,0.0693,49.25,1,1.80,1
703,478697.228,3284211.6,2.028,1.546,1.876,1.93,2.028,0.0693,48.624,0.0693,49.319,0.9,1.60,1
704,478697.162,3284211.581,2.027,1.536,1.86,1.929,2.027,0.0693,48.694,0.0693,49.389,0.9,1.50,1
705,478697.095,3284211.562,2.026,1.525,1.843,1.927,2.026,0.0693,48.763,0.0693,49.458,0.8,1.30,1
706,478697.029,3284211.543,2.026,1.514,1.827,1.925,2.026,0.0693,48.832,0.0693,49.527,0.7,1.20,1
707,478696.962,3284211.524,2.025,1.504,1.811,1.923,2.025,0.0693,48.901,0.0693,49.596,0.6,1.00,1
708,478696.895,3284211.505,2.025,1.493,1.796,1.921,2.025,0.0693,48.971,0.0693,49.666,0.4,0.60,1
709,478696.829,3284211.486,2.027,1.48,1.78,1.918,2.027,0.0693,49.04,0.0693,49.735,1,1.70,1
710,478696.762,3284211.467,2.028,1.468,1.765,1.916,2.028,0.0693,49.109,0.0693,49.804,1,1.70,1
711,478696.696,3284211.448,2.029,1.456,1.75,1.914,2.029,0.0693,49.178,0.0693,49.873,0.9,1.60,1
712,478696.629,3284211.429,2.03,1.443,1.734,1.913,2.03,0.0693,49.248,0.0693,49.943,0.9,1.60,1
713,478696.562,3284211.41,2.031,1.43,1.719,1.911,2.031,0.0693,49.317,0.0693,50.012,0.9,1.60,1
714,478696.496,3284211.391,2.032,1.417,1.705,1.91,2.032,0.0693,49.386,0.0693,50.081,0.9,1.50,1
715,478696.429,3284211.372,2.033,1.404,1.69,1.908,2.033,0.0693,49.456,0.0693,50.151,0.9,1.50,1
716,478696.363,3284211.353,2.034,1.391,1.675,1.907,2.034,0.0693,49.525,0.0693,50.22,0.8,1.50,1
717,478696.296,3284211.334,2.035,1.378,1.661,1.906,2.035,0.0693,49.594,0.0693,50.289,0.8,1.40,1
718,478696.229,3284211.315,2.036,1.364,1.647,1.905,2.036,0.0693,49.663,0.0693,50.358,0.8,1.40,1
719,478696.163,3284211.296,2.037,1.35,1.632,1.904,2.037,0.0693,49.733,0.0693,50.428,0.8,1.40,1
720,478696.096,3284211.277,2.038,1.337,1.618,1.903,2.038,0.0693,49.802,0.0693,50.497,0.8,1.30,1
721,478696.03,3284211.258,2.039,1.323,1.604,1.902,2.039,0.0693,49.871,0.0693,50.566,0.7,1.30,1
722,478695.963,3284211.24,2.04,1.309,1.591,1.901,2.04,0.0693,49.94,0.0693,50.635,0.7,1.20,1
723,478695.896,3284211.221,2.039,1.297,1.582,1.901,2.039,0.0693,50.01,0.0693,50.705,0.7,1.20,1
724,478695.83,3284211.202,2.037,1.292,1.574,1.9,2.037,0.0693,50.079,0.0693,50.774,1.6,2.80,1
725,478695.763,3284211.183,2.035,1.287,1.565,1.898,2.035,0.0693,50.148,0.0693,50.843,1.5,2.70,1
726,478695.697,3284211.164,2.033,1.282,1.557,1.893,2.033,0.0693,50.217,0.0693,50.913,1.4,2.50,1
727,478695.63,3284211.145,2.032,1.278,1.549,1.889,2.032,0.0693,50.287,0.0693,50.982,1.3,2.30,1
728,478695.563,3284211.126,2.03,1.274,1.542,1.884,2.03,0.0693,50.356,0.0693,51.051,1.2,2.10,1
729,478695.497,3284211.107,2.029,1.272,1.534,1.88,2.029,0.0693,50.425,0.0693,51.12,1.1,1.90,1
730,478695.43,3284211.088,2.028,1.27,1.527,1.875,2.028,0.0693,50.495,0.0693,51.19,1,1.70,1
731,478695.364,3284211.069,2.027,1.269,1.519,1.871,2.027,0.0693,50.564,0.0693,51.259,0.9,1.60,1
732,478695.297,3284211.05,2.026,1.267,1.513,1.866,2.026,0.0693,50.633,0.0693,51.328,0.8,1.40,1
733,478695.23,3284211.031,2.025,1.266,1.506,1.862,2.025,0.0693,50.702,0.0693,51.398,0.7,1.20,1
734,478695.164,3284211.012,2.024,1.264,1.499,1.858,2.024,0.0693,50.772,0.0693,51.467,0.6,1.00,1
735,478695.097,3284210.993,2.023,1.262,1.493,1.853,2.023,0.0693,50.841,0.0693,51.536,0.9,1.50,1
736,478695.031,3284210.974,2.021,1.26,1.487,1.849,2.021,0.0693,50.91,0.0693,51.605,1.4,2.50,1
737,478694.964,3284210.955,2.02,1.258,1.481,1.845,2.02,0.0693,50.979,0.0693,51.675,1.4,2.50,1
738,478694.898,3284210.936,2.018,1.253,1.475,1.841,2.018,0.0693,51.049,0.0693,51.744,1.1,1.80,1
739,478694.831,3284210.917,2.017,1.242,1.468,1.836,2.017,0.0693,51.118,0.0693,51.813,0.8,1.30,1
740,478694.764,3284210.898,2.017,1.23,1.462,1.834,2.017,0.0693,51.187,0.0693,51.882,0.7,1.30,1
741,478694.698,3284210.879,2.016,1.219,1.455,1.833,2.016,0.0693,51.256,0.0693,51.952,0.7,1.20,1
742,478694.631,3284210.86,2.015,1.208,1.448,1.832,2.015,0.0693,51.326,0.0693,52.021,0.6,1.10,1
743,478694.565,3284210.841,2.014,1.197,1.44,1.831,2.014,0.0693,51.395,0.0693,52.09,0.6,1.00,1
744,478694.498,3284210.822,2.014,1.185,1.432,1.83,2.014,0.0693,51.464,0.0693,52.16,0.6,1.00,1
745,478694.431,3284210.804,2.013,1.174,1.424,1.829,2.013,0.0693,51.534,0.0693,52.229,0.5,0.90,1
746,478694.365,3284210.785,2.012,1.163,1.416,1.828,2.012,0.0693,51.603,0.0693,52.298,0.5,0.80,1
747,478694.298,3284210.766,2.012,1.151,1.407,1.828,2.012,0.0693,51.672,0.0693,52.367,0.4,0.70,1
748,478694.232,3284210.747,2.011,1.14,1.398,1.827,2.011,0.0693,51.741,0.0693,52.437,0.4,0.70,1
749,478694.165,3284210.728,2.011,1.128,1.389,1.827,2.011,0.0693,51.811,0.0693,52.506,0.3,0.60,1
750,478694.098,3284210.709,2.011,1.117,1.38,1.826,2.011,0.0693,51.88,0.0693,52.575,0.3,0.50,1
751,478694.032,3284210.69,2.01,1.105,1.37,1.826,2.01,0.0693,51.949,0.0693,52.644,0.3,0.50,1
752,478693.965,3284210.671,2.01,1.094,1.359,1.826,2.01,0.0693,52.018,0.0693,52.714,0.2,0.40,1
753,478693.899,3284210.652,2.009,1.083,1.342,1.826,2.009,0.0693,52.088,0.0693,52.783,0.8,1.30,1
754,478693.832,3284210.633,2.008,1.074,1.324,1.826,2.008,0.0693,52.157,0.0693,52.852,1.2,2.20,1
755,478693.765,3284210.614,2.006,1.064,1.306,1.826,2.006,0.0693,52.226,0.0693,52.922,1.2,2.10,1
756,478693.699,3284210.595,2.005,1.054,1.288,1.826,2.005,0.0693,52.295,0.0693,52.991,1.2,2.00,1
757,478693.632,3284210.576,2.003,1.045,1.27,1.827,2.003,0.0693,52.365,0.0693,53.06,1.1,1.90,1
758,478693.566,3284210.557,2.002,1.035,1.252,1.827,2.002,0.0693,52.434,0.0693,53.129,1.1,1.90,1
759,478693.499,3284210.538,2.001,1.025,1.234,1.827,2.001,0.0693,52.503,0.0693,53.199,1,1.80,1
760,478693.432,3284210.519,2,1.016,1.216,1.828,2,0.0693,52.572,0.0693,53.268,1,1.70,1
761,478693.366,3284210.5,1.999,1.006,1.199,1.829,1.999,0.0693,52.642,0.0693,53.337,0.9,1.60,1
762,478693.299,3284210.481,1.998,0.996,1.181,1.829,1.998,0.0693,52.711,0.0693,53.406,0.9,1.60,1
763,478693.233,3284210.462,1.996,0.986,1.163,1.83,1.996,0.0693,52.78,0.0693,53.476,0.9,1.50,1
764,478693.166,3284210.443,1.996,0.977,1.145,1.831,1.996,0.0693,52.85,0.0693,53.545,0.8,1.40,1
765,478693.099,3284210.424,1.995,0.967,1.127,1.831,1.995,0.0693,52.919,0.0693,53.614,0.8,1.40,1
766,478693.033,3284210.405,1.994,0.957,1.109,1.832,1.994,0.0693,52.988,0.0693,53.684,0.7,1.30,1
767,478692.966,3284210.387,1.993,0.947,1.091,1.833,1.993,0.0693,53.057,0.0693,53.753,0.7,1.20,1
768,478692.9,3284210.368,1.993,0.937,1.069,1.834,1.993,0.0693,53.127,0.0693,53.822,0.2,0.40,1
769,478692.833,3284210.349,1.994,0.927,1.047,1.835,1.994,0.0693,53.196,0.0693,53.891,1,1.80,1
770,478692.767,3284210.33,1.996,0.917,1.025,1.838,1.996,0.0693,53.265,0.0693,53.961,1.1,1.90,1
771,478692.7,3284210.311,1.997,0.907,1.002,1.842,1.997,0.0693,53.334,0.0693,54.03,1.1,2.00,1
772,478692.633,3284210.292,1.998,0.897,0.979,1.845,1.998,0.0693,53.404,0.0693,54.099,1.2,2.00,1
773,478692.567,3284210.273,2,0.887,0.957,1.849,2,0.0693,53.473,0.0693,54.168,1.2,2.10,1
774,478692.5,3284210.254,2.001,0.877,0.933,1.853,2.001,0.0693,53.542,0.0693,54.238,1.3,2.20,1
775,478692.434,3284210.235,2.003,0.867,0.91,1.857,2.003,0.0693,53.611,0.0693,54.307,1.3,2.30,1
776,478692.367,3284210.216,2.005,0.857,0.887,1.861,2.005,0.0693,53.681,0.0693,54.376,1.3,2.30,1
777,478692.3,3284210.197,2.006,0.847,0.863,1.865,2.006,0.0693,53.75,0.0693,54.446,1.4,2.40,1
778,478692.234,3284210.178,2.008,0.837,0.84,1.868,2.008,0.0693,53.819,0.0693,54.515,1.4,2.50,1
779,478692.167,3284210.159,2.01,0.826,0.816,1.87,2.01,0.0693,53.889,0.0693,54.584,1.5,2.50,1
780,478692.101,3284210.14,2.012,0.816,0.792,1.873,2.012,0.0693,53.958,0.0693,54.653,1.5,2.60,1
781,478692.034,3284210.121,2.013,0.806,0.767,1.875,2.013,0.0693,54.027,0.0693,54.723,1.5,2.70,1
782,478691.967,3284210.102,2.015,0.797,0.744,1.878,2.015,0.0693,54.096,0.0693,54.792,1.6,2.80,1
783,478691.901,3284210.083,2.015,0.789,0.735,1.881,2.015,0.0693,54.166,0.0693,54.861,0.5,0.90,1
784,478691.834,3284210.064,2.011,0.785,0.726,1.884,2.011,0.0693,54.235,0.0693,54.931,2.6,4.60,1
785,478691.768,3284210.045,2.008,0.78,0.718,1.885,2.008,0.0693,54.304,0.0693,55,2.7,4.70,1
786,478691.701,3284210.026,2.005,0.775,0.711,1.884,2.005,0.0693,54.373,0.0693,55.069,2.7,4.70,1
787,478691.634,3284210.007,2.002,0.77,0.704,1.882,2.002,0.0693,54.443,0.0693,55.139,2.7,4.70,1
788,478691.568,3284209.988,1.998,0.765,0.698,1.881,1.998,0.0693,54.512,0.0694,55.208,3.3,5.80,1
789,478691.501,3284209.969,1.993,0.76,0.693,1.879,1.993,0.0693,54.581,0.0694,55.278,3.6,6.30,1
790,478691.435,3284209.951,1.989,0.754,0.688,1.878,1.989,0.0693,54.65,0.0694,55.347,3.5,6.20,1
791,478691.368,3284209.932,1.985,0.749,0.685,1.877,1.985,0.0693,54.72,0.0694,55.416,3.5,6.10,1
792,478691.301,3284209.913,1.981,0.743,0.681,1.876,1.981,0.0693,54.789,0.0694,55.486,3.4,5.90,1
793,478691.235,3284209.894,1.977,0.737,0.678,1.875,1.977,0.0693,54.858,0.0694,55.555,3.3,5.80,1
794,478691.168,3284209.875,1.973,0.731,0.676,1.874,1.973,0.0693,54.928,0.0694,55.624,3.2,5.60,1
795,478691.102,3284209.856,1.969,0.725,0.673,1.873,1.969,0.0693,54.997,0.0694,55.694,3.1,5.50,1
796,478691.035,3284209.837,1.965,0.719,0.671,1.872,1.965,0.0693,55.066,0.0694,55.763,3,5.30,1
797,478690.969,3284209.818,1.962,0.712,0.668,1.871,1.962,0.0693,55.135,0.0694,55.833,3,5.20,1
798,478690.902,3284209.799,1.959,0.705,0.664,1.871,1.959,0.0693,55.205,0.0693,55.902,2.7,4.70,1
799,478690.835,3284209.78,1.956,0.697,0.659,1.87,1.956,0.0693,55.274,0.0693,55.971,2.4,4.10,1
800,478690.769,3284209.761,1.953,0.689,0.655,1.869,1.953,0.0693,55.343,0.0693,56.041,2.3,4.00,1
801,478690.702,3284209.742,1.95,0.68,0.65,1.868,1.95,0.0693,55.412,0.0693,56.11,2.2,3.90,1
802,478690.636,3284209.723,1.948,0.671,0.646,1.866,1.948,0.0693,55.482,0.0693,56.179,2.2,3.80,1
803,478690.569,3284209.704,1.945,0.662,0.642,1.865,1.945,0.0693,55.551,0.0693,56.248,2.1,3.70,1
804,478690.502,3284209.685,1.942,0.652,0.637,1.862,1.942,0.0693,55.62,0.0693,56.318,2.1,3.60,1
805,478690.436,3284209.666,1.94,0.642,0.633,1.86,1.94,0.0693,55.689,0.0693,56.387,2,3.50,1
806,478690.369,3284209.647,1.938,0.632,0.629,1.857,1.938,0.0693,55.759,0.0693,56.456,1.9,3.40,1
807,478690.303,3284209.628,1.935,0.621,0.625,1.854,1.935,0.0693,55.828,0.0693,56.526,1.9,3.30,1
808,478690.236,3284209.609,1.933,0.61,0.621,1.851,1.933,0.0693,55.897,0.0693,56.595,1.8,3.20,1
809,478690.169,3284209.59,1.931,0.598,0.617,1.847,1.931,0.0693,55.967,0.0693,56.664,1.7,3.10,1
810,478690.103,3284209.571,1.929,0.586,0.613,1.843,1.929,0.0693,56.036,0.0693,56.734,1.7,2.90,1
811,478690.036,3284209.552,1.927,0.574,0.609,1.839,1.927,0.0693,56.105,0.0693,56.803,1.6,2.80,1
812,478689.97,3284209.534,1.925,0.561,0.606,1.835,1.925,0.0693,56.174,0.0693,56.872,1.6,2.70,1
813,478689.903,3284209.515,1.924,0.549,0.606,1.83,1.924,0.0693,56.244,0.0693,56.941,1.4,2.40,1
814,478689.836,3284209.496,1.922,0.539,0.605,1.825,1.922,0.0693,56.313,0.0693,57.011,1.2,2.00,1
815,478689.77,3284209.477,1.921,0.529,0.605,1.821,1.921,0.0693,56.382,0.0693,57.08,1.1,2.00,1
816,478689.703,3284209.458,1.92,0.52,0.605,1.818,1.92,0.0693,56.451,0.0693,57.149,1.1,1.90,1
817,478689.637,3284209.439,1.918,0.51,0.604,1.815,1.918,0.0693,56.521,0.0693,57.219,1,1.80,1
818,478689.57,3284209.42,1.917,0.501,0.604,1.812,1.917,0.0693,56.59,0.0693,57.288,1,1.70,1
819,478689.503,3284209.401,1.916,0.493,0.603,1.809,1.916,0.0693,56.659,0.0693,57.357,1,1.70,1
820,478689.437,3284209.382,1.915,0.484,0.603,1.806,1.915,0.0693,56.728,0.0693,57.426,0.9,1.60,1
821,478689.37,3284209.363,1.914,0.476,0.602,1.804,1.914,0.0693,56.798,0.0693,57.496,0.9,1.50,1
822,478689.304,3284209.344,1.913,0.468,0.601,1.802,1.913,0.0693,56.867,0.0693,57.565,0.8,1.50,1
823,478689.237,3284209.325,1.912,0.461,0.6,1.8,1.912,0.0693,56.936,0.0693,57.634,0.8,1.40,1
824,478689.17,3284209.306,1.911,0.453,0.599,1.798,1.911,0.0693,57.005,0.0693,57.703,0.7,1.30,1
825,478689.104,3284209.287,1.91,0.446,0.598,1.796,1.91,0.0693,57.075,0.0693,57.773,0.7,1.20,1
826,478689.037,3284209.268,1.909,0.439,0.597,1.794,1.909,0.0693,57.144,0.0693,57.842,0.7,1.20,1
827,478688.971,3284209.249,1.908,0.433,0.596,1.793,1.908,0.0693,57.213,0.0693,57.911,0.6,1.10,1
828,478688.904,3284209.23,1.907,0.426,0.591,1.792,1.907,0.0693,57.283,0.0693,57.981,1.4,2.50,1
829,478688.838,3284209.211,1.904,0.418,0.587,1.791,1.904,0.0693,57.352,0.0693,58.05,2.5,4.40,1
830,478688.771,3284209.192,1.901,0.41,0.583,1.789,1.901,0.0693,57.421,0.0693,58.119,2.6,4.60,1
831,478688.704,3284209.173,1.897,0.402,0.578,1.787,1.897,0.0693,57.49,0.0693,58.189,2.7,4.80,1
832,478688.638,3284209.154,1.894,0.394,0.574,1.785,1.894,0.0693,57.56,0.0693,58.258,2.8,4.90,1
833,478688.571,3284209.135,1.89,0.386,0.57,1.784,1.89,0.0693,57.629,0.0694,58.327,2.9,5.10,1
834,478688.505,3284209.116,1.887,0.379,0.565,1.782,1.887,0.0693,57.698,0.0694,58.397,3,5.30,1
835,478688.438,3284209.098,1.883,0.372,0.561,1.78,1.883,0.0693,57.767,0.0694,58.466,3.1,5.50,1
836,478688.371,3284209.079,1.879,0.366,0.556,1.778,1.879,0.0693,57.837,0.0694,58.535,3.2,5.70,1
837,478688.305,3284209.06,1.875,0.36,0.552,1.776,1.875,0.0693,57.906,0.0694,58.605,3.3,5.80,1
838,478688.238,3284209.041,1.871,0.354,0.547,1.774,1.871,0.0693,57.975,0.0694,58.674,3.5,6.00,1
839,478688.172,3284209.022,1.866,0.349,0.543,1.772,1.866,0.0693,58.044,0.0694,58.744,3.6,6.20,1
840,478688.105,3284209.003,1.862,0.343,0.539,1.77,1.862,0.0693,58.114,0.0694,58.813,3.7,6.40,1
841,478688.038,3284208.984,1.857,0.338,0.534,1.768,1.857,0.0693,58.183,0.0694,58.882,3.8,6.70,1
842,478687.972,3284208.965,1.853,0.332,0.53,1.766,1.853,0.0693,58.252,0.0694,58.952,3.9,6.70,1
843,478687.905,3284208.946,1.848,0.329,0.525,1.763,1.848,0.0693,58.322,0.0694,59.021,3.9,6.70,1
844,478687.839,3284208.927,1.843,0.329,0.521,1.761,1.843,0.0693,58.391,0.0694,59.091,3.9,6.70,1
845,478687.772,3284208.908,1.839,0.33,0.516,1.759,1.839,0.0693,58.46,0.0694,59.16,3.9,6.70,1
846,478687.705,3284208.889,1.834,0.33,0.512,1.755,1.834,0.0693,58.529,0.0694,59.23,3.9,6.70,1
847,478687.639,3284208.87,1.829,0.331,0.508,1.751,1.829,0.0693,58.599,0.0694,59.299,3.9,6.70,1
848,478687.572,3284208.851,1.825,0.332,0.504,1.748,1.825,0.0693,58.668,0.0694,59.368,3.9,6.70,1
849,478687.506,3284208.832,1.82,0.333,0.5,1.744,1.82,0.0693,58.737,0.0694,59.438,3.9,6.70,1
850,478687.439,3284208.813,1.815,0.335,0.496,1.741,1.815,0.0693,58.806,0.0694,59.507,3.9,6.70,1
851,478687.372,3284208.794,1.811,0.336,0.492,1.737,1.811,0.0693,58.876,0.0694,59.577,3.9,6.70,1
852,478687.306,3284208.775,1.806,0.338,0.488,1.733,1.806,0.0693,58.945,0.0694,59.646,3.9,6.70,1
853,478687.239,3284208.756,1.801,0.339,0.484,1.73,1.801,0.0693,59.014,0.0694,59.715,3.9,6.70,1
854,478687.173,3284208.737,1.797,0.341,0.481,1.726,1.797,0.0693,59.083,0.0694,59.785,3.9,6.70,1
855,478687.106,3284208.718,1.792,0.343,0.477,1.722,1.792,0.0693,59.153,0.0694,59.854,3.9,6.70,1
856,478687.04,3284208.699,1.787,0.346,0.473,1.718,1.787,0.0693,59.222,0.0694,59.924,3.9,6.70,1
857,478686.973,3284208.681,1.783,0.348,0.47,1.714,1.783,0.0693,59.291,0.0694,59.993,3.9,6.70,1
858,478686.906,3284208.662,1.778,0.351,0.469,1.711,1.778,0.0693,59.361,0.0694,60.063,3.5,6.20,1
859,478686.84,3284208.643,1.775,0.358,0.469,1.707,1.775,0.0693,59.43,0.0694,60.132,3.1,5.40,1
860,478686.773,3284208.624,1.771,0.366,0.469,1.701,1.771,0.0693,59.499,0.0694,60.201,3.1,5.40,1
861,478686.707,3284208.605,1.767,0.373,0.468,1.692,1.767,0.0693,59.568,0.0694,60.271,3.1,5.30,1
862,478686.64,3284208.586,1.764,0.38,0.467,1.683,1.764,0.0693,59.638,0.0694,60.34,3,5.30,1
863,478686.573,3284208.567,1.76,0.387,0.466,1.674,1.76,0.0693,59.707,0.0694,60.409,3,5.30,1
864,478686.507,3284208.548,1.756,0.395,0.465,1.665,1.756,0.0693,59.776,0.0694,60.479,3,5.20,1
865,478686.44,3284208.529,1.753,0.402,0.464,1.656,1.753,0.0693,59.845,0.0694,60.548,3,5.20,1
866,478686.374,3284208.51,1.749,0.41,0.463,1.648,1.749,0.0693,59.915,0.0694,60.617,3,5.20,1
867,478686.307,3284208.491,1.746,0.418,0.461,1.64,1.746,0.0693,59.984,0.0694,60.687,2.9,5.10,1
868,478686.24,3284208.472,1.742,0.425,0.459,1.632,1.742,0.0693,60.053,0.0694,60.756,2.9,5.10,1
869,478686.174,3284208.453,1.739,0.433,0.457,1.624,1.739,0.0693,60.122,0.0694,60.826,2.9,5.10,1
870,478686.107,3284208.434,1.735,0.441,0.455,1.616,1.735,0.0693,60.192,0.0694,60.895,2.9,5.00,1
871,478686.041,3284208.415,1.732,0.449,0.453,1.608,1.732,0.0693,60.261,0.0694,60.964,2.9,5.00,1
872,478685.974,3284208.396,1.728,0.457,0.45,1.601,1.728,0.0693,60.33,0.0694,61.034,2.8,4.90,1
873,478685.907,3284208.377,1.719,0.466,0.45,1.594,1.719,0.0693,60.399,0.0699,61.103,7.5,13.10,1
874,478685.841,3284208.358,1.702,0.478,0.45,1.586,1.702,0.0693,60.469,0.0714,61.175,14.2,25.30,1
875,478685.774,3284208.339,1.684,0.489,0.45,1.576,1.684,0.0693,60.538,0.0715,61.246,14.3,25.50,1
876,478685.708,3284208.32,1.666,0.5,0.449,1.561,1.666,0.0693,60.607,0.0715,61.318,14.4,25.80,1
877,478685.641,3284208.301,1.648,0.509,0.449,1.545,1.648,0.0693,60.677,0.0716,61.389,14.6,26.00,1
878,478685.574,3284208.282,1.63,0.518,0.449,1.529,1.63,0.0693,60.746,0.0716,61.461,14.7,26.30,1
879,478685.508,3284208.264,1.611,0.527,0.448,1.514,1.611,0.0693,60.815,0.0717,61.533,14.9,26.50,1
880,478685.441,3284208.245,1.593,0.534,0.448,1.498,1.593,0.0693,60.884,0.0717,61.604,15,26.80,1
881,478685.375,3284208.226,1.574,0.541,0.447,1.482,1.574,0.0693,60.954,0.0718,61.676,15.1,27.00,1
882,478685.308,3284208.207,1.555,0.547,0.447,1.466,1.555,0.0693,61.023,0.0718,61.748,15.3,27.30,1
883,478685.241,3284208.188,1.536,0.552,0.446,1.451,1.536,0.0693,61.092,0.0718,61.82,15.4,27.50,1
884,478685.175,3284208.169,1.517,0.556,0.445,1.435,1.517,0.0693,61.161,0.0719,61.892,15.5,27.80,1
885,478685.108,3284208.15,1.498,0.56,0.445,1.42,1.498,0.0693,61.231,0.0719,61.964,15.7,28.10,1
886,478685.042,3284208.131,1.478,0.563,0.444,1.405,1.478,0.0693,61.3,0.072,62.036,15.8,28.30,1
887,478684.975,3284208.112,1.458,0.567,0.443,1.389,1.458,0.0693,61.369,0.072,62.108,15.9,28.60,1
888,478684.909,3284208.093,1.43,0.575,0.439,1.374,1.43,0.0693,61.438,0.0746,62.182,21.8,40.00,1
889,478684.842,3284208.074,1.39,0.601,0.434,1.36,1.39,0.0693,61.508,0.08,62.262,30,57.70,1
890,478684.775,3284208.055,1.35,0.627,0.429,1.347,1.35,0.0693,61.577,0.0801,62.342,30.2,58.10,1
891,478684.709,3284208.036,1.31,0.653,0.424,1.338,1.31,0.0693,61.646,0.0802,62.423,30.3,58.50,1
892,478684.642,3284208.017,1.269,0.68,0.419,1.33,1.269,0.0693,61.716,0.0804,62.503,30.5,58.80,1
893,478684.576,3284207.998,1.228,0.707,0.414,1.322,1.228,0.0693,61.785,0.0804,62.583,30.5,58.80,1
894,478684.509,3284207.979,1.189,0.734,0.408,1.314,1.189,0.0693,61.854,0.0795,62.663,29.4,56.50,1
895,478684.442,3284207.96,1.15,0.761,0.403,1.306,1.15,0.0693,61.923,0.0795,62.742,29.4,56.50,1
896,478684.376,3284207.941,1.111,0.788,0.397,1.298,1.111,0.0693,61.993,0.0795,62.822,29.4,56.50,1
897,478684.309,3284207.922,1.072,0.816,0.39,1.291,1.072,0.0693,62.062,0.0795,62.901,29.4,56.50,1
898,478684.243,3284207.903,1.033,0.844,0.384,1.284,1.033,0.0693,62.131,0.0795,62.981,29.4,56.50,1
899,478684.176,3284207.884,0.994,0.872,0.377,1.277,0.994,0.0693,62.2,0.0795,63.061,29.4,56.50,1
900,478684.109,3284207.865,0.954,0.901,0.369,1.271,0.954,0.0693,62.27,0.0795,63.14,29.4,56.50,1
901,478684.043,3284207.846,0.915,0.929,0.361,1.265,0.915,0.0693,62.339,0.0795,63.22,29.4,56.50,1
902,478683.976,3284207.828,0.876,0.959,0.353,1.259,0.876,0.0693,62.408,0.0795,63.299,29.4,56.50,1
903,478683.91,3284207.809,0.848,0.984,0.343,1.253,0.848,0.0693,62.477,0.0749,63.374,22.4,41.10,1
904,478683.843,3284207.79,0.837,0.988,0.332,1.248,0.837,0.0693,62.547,0.0701,63.444,9,15.90,1
905,478683.776,3284207.771,0.825,0.992,0.322,1.245,0.825,0.0693,62.616,0.0702,63.514,9.3,16.40,1
906,478683.71,3284207.752,0.814,0.997,0.312,1.248,0.814,0.0693,62.685,0.0702,63.585,9.6,16.90,1
907,478683.643,3284207.733,0.802,1.001,0.303,1.251,0.802,0.0693,62.755,0.0703,63.655,9.8,17.30,1
908,478683.577,3284207.714,0.789,1.005,0.293,1.254,0.789,0.0693,62.824,0.0704,63.725,10.1,17.80,1
909,478683.51,3284207.695,0.777,1.009,0.284,1.258,0.777,0.0693,62.893,0.0704,63.796,10.4,18.30,1
910,478683.443,3284207.676,0.764,1.014,0.276,1.261,0.764,0.0693,62.962,0.0705,63.866,10.6,18.80,1
911,478683.377,3284207.657,0.75,1.018,0.267,1.265,0.75,0.0693,63.032,0.0705,63.937,10.9,19.20,1
912,478683.31,3284207.638,0.737,1.023,0.259,1.27,0.737,0.0693,63.101,0.0706,64.007,11.1,19.70,1
913,478683.244,3284207.619,0.723,1.027,0.251,1.274,0.723,0.0693,63.17,0.0707,64.078,11.4,20.20,1
914,478683.177,3284207.6,0.709,1.032,0.243,1.279,0.709,0.0693,63.239,0.0707,64.149,11.7,20.60,1
915,478683.111,3284207.581,0.694,1.036,0.236,1.284,0.694,0.0693,63.309,0.0708,64.22,11.9,21.10,1
916,478683.044,3284207.562,0.679,1.041,0.229,1.29,0.679,0.0693,63.378,0.0709,64.29,12.2,21.60,1
917,478682.977,3284207.543,0.664,1.045,0.222,1.296,0.664,0.0693,63.447,0.0709,64.361,12.4,22.10,1
918,478682.911,3284207.524,0.653,1.048,0.221,1.302,0.653,0.0693,63.516,0.0701,64.431,8.6,15.20,1
919,478682.844,3284207.505,0.652,1.041,0.221,1.308,0.652,0.0693,63.586,0.0693,64.501,1.3,2.30,1
920,478682.778,3284207.486,0.65,1.034,0.22,1.317,0.65,0.0693,63.655,0.0693,64.57,1.5,2.60,1
921,478682.711,3284207.467,0.648,1.027,0.22,1.332,0.648,0.0693,63.724,0.0693,64.639,1.6,2.80,1
922,478682.644,3284207.448,0.646,1.02,0.219,1.348,0.646,0.0693,63.794,0.0693,64.709,1.7,3.00,1
923,478682.578,3284207.429,0.644,1.013,0.219,1.365,0.644,0.0693,63.863,0.0693,64.778,1.8,3.20,1
924,478682.511,3284207.411,0.641,1.005,0.219,1.382,0.641,0.0693,63.932,0.0693,64.847,2,3.40,1
925,478682.445,3284207.392,0.639,0.997,0.218,1.401,0.639,0.0693,64.001,0.0693,64.916,2.1,3.60,1
926,478682.378,3284207.373,0.636,0.99,0.218,1.421,0.636,0.0693,64.071,0.0693,64.986,2.2,3.90,1
927,478682.311,3284207.354,0.633,0.981,0.218,1.441,0.633,0.0693,64.14,0.0693,65.055,2.3,4.10,1
928,478682.245,3284207.335,0.63,0.973,0.217,1.462,0.63,0.0693,64.209,0.0693,65.124,2.5,4.30,1
929,478682.178,3284207.316,0.627,0.965,0.217,1.485,0.627,0.0693,64.278,0.0693,65.194,2.6,4.50,1
930,478682.112,3284207.297,0.624,0.956,0.217,1.508,0.624,0.0693,64.348,0.0693,65.263,2.7,4.70,1
931,478682.045,3284207.278,0.62,0.947,0.216,1.532,0.62,0.0693,64.417,0.0694,65.332,2.8,5.00,1
932,478681.978,3284207.259,0.617,0.938,0.216,1.557,0.617,0.0693,64.486,0.0694,65.402,3,5.20,1
933,478681.912,3284207.24,0.613,0.93,0.215,1.583,0.613,0.0693,64.555,0.0694,65.471,3.2,5.60,1
934,478681.845,3284207.221,0.609,0.931,0.214,1.61,0.609,0.0693,64.625,0.0694,65.541,3.1,5.50,1
935,478681.779,3284207.202,0.606,0.933,0.213,1.627,0.606,0.0693,64.694,0.0693,65.61,2.7,4.70,1
936,478681.712,3284207.183,0.603,0.934,0.213,1.619,0.603,0.0693,64.763,0.0693,65.679,2.3,3.90,1
937,478681.645,3284207.164,0.601,0.936,0.212,1.603,0.601,0.0693,64.832,0.0693,65.749,1.8,3.20,1
938,478681.579,3284207.145,0.599,0.937,0.21,1.588,0.599,0.0693,64.902,0.0693,65.818,1.4,2.40,1
939,478681.512,3284207.126,0.598,0.939,0.209,1.573,0.598,0.0693,64.971,0.0693,65.887,0.9,1.60,1
940,478681.446,3284207.107,0.598,0.947,0.208,1.558,0.598,0.0693,65.04,0.0693,65.956,0.5,0.90,1
941,478681.379,3284207.088,0.597,0.957,0.207,1.543,0.597,0.0693,65.11,0.0693,66.026,0.1,0.10,1
942,478681.312,3284207.069,0.598,0.968,0.206,1.528,0.598,0.0693,65.179,0.0693,66.095,0.4,0.60,1
943,478681.246,3284207.05,0.599,0.979,0.205,1.514,0.599,0.0693,65.248,0.0693,66.164,0.8,1.40,1
944,478681.179,3284207.031,0.6,0.991,0.204,1.5,0.6,0.0693,65.317,0.0693,66.233,1.2,2.20,1
945,478681.113,3284207.012,0.602,1.003,0.203,1.485,0.602,0.0693,65.387,0.0693,66.303,1.7,2.90,1
946,478681.046,3284206.993,0.605,1.015,0.202,1.471,0.605,0.0693,65.456,0.0693,66.372,2.1,3.60,1
947,478680.98,3284206.975,0.607,1.028,0.2,1.458,0.607,0.0693,65.525,0.0693,66.441,2.2,3.80,1
948,478680.913,3284206.956,0.609,1.042,0.199,1.444,0.609,0.0693,65.594,0.0693,66.511,0.9,1.50,1
949,478680.846,3284206.937,0.608,1.066,0.199,1.431,0.608,0.0693,65.664,0.0693,66.58,0.4,0.80,1
950,478680.78,3284206.918,0.608,1.089,0.198,1.416,0.608,0.0693,65.733,0.0693,66.649,0.2,0.30,1
951,478680.713,3284206.899,0.608,1.11,0.197,1.4,0.608,0.0693,65.802,0.0693,66.718,0.1,0.20,1
952,478680.647,3284206.88,0.608,1.131,0.197,1.385,0.608,0.0693,65.871,0.0693,66.788,0.4,0.60,1
953,478680.58,3284206.861,0.609,1.151,0.196,1.371,0.609,0.0693,65.941,0.0693,66.857,0.6,1.10,1
954,478680.513,3284206.842,0.61,1.17,0.195,1.357,0.61,0.0693,66.01,0.0693,66.926,0.9,1.60,1
955,478680.447,3284206.823,0.612,1.188,0.195,1.345,0.612,0.0693,66.079,0.0693,66.996,1.2,2.10,1
956,478680.38,3284206.804,0.613,1.205,0.194,1.333,0.613,0.0693,66.149,0.0693,67.065,1.4,2.50,1
957,478680.314,3284206.785,0.615,1.221,0.194,1.321,0.615,0.0693,66.218,0.0693,67.134,1.7,3.00,1
958,478680.247,3284206.766,0.618,1.236,0.193,1.311,0.618,0.0693,66.287,0.0693,67.203,2,3.50,1
959,478680.18,3284206.747,0.621,1.249,0.192,1.301,0.621,0.0693,66.356,0.0693,67.273,2.3,3.90,1
960,478680.114,3284206.728,0.624,1.262,0.192,1.292,0.624,0.0693,66.426,0.0693,67.342,2.5,4.40,1
961,478680.047,3284206.709,0.627,1.274,0.192,1.284,0.627,0.0693,66.495,0.0693,67.411,2.8,4.90,1
962,478679.981,3284206.69,0.631,1.285,0.191,1.276,0.631,0.0693,66.564,0.0694,67.481,3.1,5.40,1
963,478679.914,3284206.671,0.635,1.294,0.19,1.269,0.635,0.0693,66.633,0.0694,67.55,3.4,6.00,1
964,478679.847,3284206.652,0.639,1.293,0.19,1.263,0.639,0.0693,66.703,0.0694,67.62,3.6,6.30,1
965,478679.781,3284206.633,0.643,1.292,0.189,1.26,0.643,0.0693,66.772,0.0694,67.689,3.5,6.10,1
966,478679.714,3284206.614,0.647,1.292,0.188,1.26,0.647,0.0693,66.841,0.0694,67.758,3.4,5.90,1
967,478679.648,3284206.595,0.651,1.291,0.187,1.26,0.651,0.0693,66.91,0.0694,67.828,3.2,5.70,1
968,478679.581,3284206.576,0.655,1.291,0.187,1.261,0.655,0.0693,66.98,0.0694,67.897,3.1,5.50,1
969,478679.514,3284206.558,0.659,1.291,0.186,1.261,0.659,0.0693,67.049,0.0694,67.966,3,5.20,1
970,478679.448,3284206.539,0.662,1.291,0.185,1.262,0.662,0.0693,67.118,0.0694,68.036,2.9,5.00,1
971,478679.381,3284206.52,0.666,1.292,0.184,1.263,0.666,0.0693,67.188,0.0693,68.105,2.8,4.80,1
972,478679.315,3284206.501,0.669,1.292,0.184,1.264,0.669,0.0693,67.257,0.0693,68.174,2.7,4.60,1
973,478679.248,3284206.482,0.672,1.293,0.183,1.265,0.672,0.0693,67.326,0.0693,68.244,2.5,4.40,1
974,478679.181,3284206.463,0.675,1.293,0.182,1.266,0.675,0.0693,67.395,0.0693,68.313,2.4,4.20,1
975,478679.115,3284206.444,0.678,1.294,0.182,1.267,0.678,0.0693,67.465,0.0693,68.382,2.3,4.00,1
976,478679.048,3284206.425,0.68,1.295,0.181,1.268,0.68,0.0693,67.534,0.0693,68.452,2.2,3.80,1
977,478678.982,3284206.406,0.683,1.296,0.18,1.269,0.683,0.0693,67.603,0.0693,68.521,2.1,3.60,1
978,478678.915,3284206.387,0.684,1.298,0.181,1.27,0.684,0.0693,67.672,0.0693,68.59,0.7,1.30,1
979,478678.849,3284206.368,0.681,1.31,0.182,1.272,0.681,0.0693,67.742,0.0693,68.66,2.4,4.10,1
980,478678.782,3284206.349,0.678,1.321,0.184,1.276,0.678,0.0693,67.811,0.0693,68.729,2.5,4.30,1
981,478678.715,3284206.33,0.675,1.332,0.185,1.289,0.675,0.0693,67.88,0.0693,68.798,2.6,4.50,1
982,478678.649,3284206.311,0.672,1.343,0.186,1.302,0.672,0.0693,67.949,0.0693,68.868,2.7,4.70,1
983,478678.582,3284206.292,0.668,1.353,0.188,1.314,0.668,0.0693,68.019,0.0693,68.937,2.8,4.80,1
984,478678.516,3284206.273,0.665,1.364,0.189,1.325,0.665,0.0693,68.088,0.0694,69.006,2.9,5.00,1
985,478678.449,3284206.254,0.661,1.375,0.19,1.336,0.661,0.0693,68.157,0.0694,69.076,3,5.20,1
986,478678.382,3284206.235,0.657,1.385,0.192,1.346,0.657,0.0693,68.226,0.0694,69.145,3.1,5.40,1
987,478678.316,3284206.216,0.653,1.395,0.193,1.356,0.653,0.0693,68.296,0.0694,69.214,3.2,5.60,1
988,478678.249,3284206.197,0.649,1.405,0.194,1.365,0.649,0.0693,68.365,0.0694,69.284,3.3,5.80,1
989,478678.183,3284206.178,0.645,1.415,0.196,1.375,0.645,0.0693,68.434,0.0694,69.353,3.4,5.90,1
990,478678.116,3284206.159,0.641,1.425,0.197,1.385,0.641,0.0693,68.504,0.0694,69.423,3.5,6.10,1
991,478678.049,3284206.141,0.637,1.435,0.198,1.395,0.637,0.0693,68.573,0.0694,69.492,3.6,6.30,1
992,478677.983,3284206.122,0.632,1.445,0.2,1.405,0.632,0.0693,68.642,0.0694,69.561,3.7,6.50,1
993,478677.916,3284206.103,0.629,1.454,0.199,1.416,0.629,0.0693,68.711,0.0693,69.631,2.7,4.80,1
994,478677.85,3284206.084,0.629,1.459,0.199,1.427,0.629,0.0693,68.781,0.0693,69.7,0.1,0.10,1
995,478677.783,3284206.065,0.629,1.464,0.198,1.438,0.629,0.0693,68.85,0.0693,69.769,0,0.10,1
996,478677.716,3284206.046,0.629,1.469,0.197,1.45,0.629,0.0693,68.919,0.0693,69.839,0,0.00,1
997,478677.65,3284206.027,0.629,1.473,0.197,1.461,0.629,0.0693,68.988,0.0693,69.908,0,0.00,1
998,478677.583,3284206.008,0.629,1.478,0.196,1.472,0.629,0.0693,69.058,0.0693,69.977,0,0.00,1
999,478677.517,3284205.989,0.63,1.482,0.195,1.482,0.63,0.0693,69.127,0.0693,70.046,0.8,1.30,1
1000,478677.45,3284205.97,0.63,1.486,0.195,1.492,0.63,0.0693,69.196,0.0693,70.116,0,0.00,1
1001,478677.383,3284205.951,1.501,1.49,0.194,1.501,nan,0.0693,69.265,0.874,70.99,85.5,1258.00,1
1002,478677.317,3284205.932,1.51,1.494,0.193,1.51,nan,0.0693,69.335,0.0698,71.06,7.1,12.40,1
1003,478677.25,3284205.913,1.518,1.497,0.193,1.518,nan,0.0693,69.404,0.0697,71.129,6.6,11.50,1
1004,478677.184,3284205.894,1.525,1.501,0.192,1.525,nan,0.0693,69.473,0.0697,71.199,6.1,10.70,1
1005,478677.117,3284205.875,1.532,1.504,0.191,1.532,nan,0.0693,69.543,0.0696,71.269,5.6,9.90,1
1006,478677.051,3284205.856,1.538,1.507,0.191,1.538,nan,0.0693,69.612,0.0695,71.338,5.2,9.00,1
1007,478676.984,3284205.837,1.544,1.51,0.19,1.544,nan,0.0693,69.681,0.0695,71.408,4.7,8.20,1
1008,478676.917,3284205.818,1.549,1.512,0.191,1.549,nan,0.0693,69.75,0.0695,71.477,4.2,7.30,1
1009,478676.851,3284205.799,1.554,1.516,0.191,1.554,nan,0.0693,69.82,0.0694,71.546,3.7,6.50,1
1010,478676.784,3284205.78,1.557,1.52,0.192,1.557,nan,0.0693,69.889,0.0693,71.616,2.7,4.70,1
1011,478676.718,3284205.761,1.558,1.523,0.193,1.558,nan,0.0693,69.958,0.0693,71.685,0.7,1.20,1
1012,478676.651,3284205.742,1.558,1.526,0.194,1.558,nan,0.0693,70.027,0.0693,71.754,0.6,1.10,1
1013,478676.584,3284205.723,1.559,1.528,0.195,1.559,nan,0.0693,70.097,0.0693,71.824,0.5,0.90,1
1014,478676.518,3284205.705,1.56,1.531,0.196,1.56,nan,0.0693,70.166,0.0693,71.893,0.4,0.80,1
1015,478676.451,3284205.686,1.56,1.532,0.197,1.56,nan,0.0693,70.235,0.0693,71.962,0.4,0.60,1
1016,478676.385,3284205.667,1.56,1.534,0.198,1.56,nan,0.0693,70.304,0.0693,72.031,0.3,0.50,1
1017,478676.318,3284205.648,1.561,1.535,0.199,1.561,nan,0.0693,70.374,0.0693,72.101,0.2,0.30,1
1018,478676.251,3284205.629,1.561,1.536,0.201,1.561,nan,0.0693,70.443,0.0693,72.17,0.1,0.20,1
1019,478676.185,3284205.61,1.561,1.537,0.202,1.561,nan,0.0693,70.512,0.0693,72.239,0,0.00,1
1020,478676.118,3284205.591,1.561,1.537,0.203,1.561,nan,0.0693,70.582,0.0693,72.308,0.1,0.10,1
1021,478676.052,3284205.572,1.561,1.537,0.205,1.561,nan,0.0693,70.651,0.0693,72.378,0.1,0.30,1
1022,478675.985,3284205.553,1.56,1.537,0.206,1.56,nan,0.0693,70.72,0.0693,72.447,0.2,0.40,1
1023,478675.918,3284205.534,1.56,1.536,0.207,1.56,nan,0.0693,70.789,0.0693,72.516,0.3,0.50,1
1024,478675.852,3284205.515,1.559,1.536,0.207,1.559,nan,0.0688,70.858,0.0688,72.585,0.4,0.70,1
